2026-02-11 15:25:37,022 - INFO - 掃描到 1 個檔案，開始作業...
2026-02-11 15:25:38,401 - INFO - 正在讀取檔案: AYLD25070901EX清关数据-长泰1210件7056.47KG （速龙派件）.xlsx
2026-02-11 15:25:38,458 - ERROR - 處理檔案 AYLD25070901EX清关数据-长泰1210件7056.47KG （速龙派件）.xlsx 時發生錯誤: `Import openpyxl` failed.  Use pip or conda to install the openpyxl package.
Traceback (most recent call last):
  File "G:\我的雲端硬碟\SeaExpress_Automation_Project\SeaExpress_Core\venv\Lib\site-packages\pandas\compat\_optional.py", line 158, in import_optional_dependency
    module = importlib.import_module(name)
  File "C:\Users\301002\AppData\Local\Programs\Python\Python313\Lib\importlib\__init__.py", line 88, in import_module
    return _bootstrap._gcd_import(name[level:], package, level)
           ~~~~~~~~~~~~~~~~~~~~~~^^^^^^^^^^^^^^^^^^^^^^^^^^^^^^
  File "<frozen importlib._bootstrap>", line 1387, in _gcd_import
  File "<frozen importlib._bootstrap>", line 1360, in _find_and_load
  File "<frozen importlib._bootstrap>", line 1324, in _find_and_load_unlocked
ModuleNotFoundError: No module named 'openpyxl'

The above exception was the direct cause of the following exception:

Traceback (most recent call last):
  File "G:\我的雲端硬碟\SeaExpress_Automation_Project\SeaExpress_Core\src\process_excel_order.py", line 54, in process_excel_file
    df = pd.read_excel(filepath, header=3)
  File "G:\我的雲端硬碟\SeaExpress_Automation_Project\SeaExpress_Core\venv\Lib\site-packages\pandas\io\excel\_base.py", line 481, in read_excel
    io = ExcelFile(
        io,
    ...<2 lines>...
        engine_kwargs=engine_kwargs,
    )
  File "G:\我的雲端硬碟\SeaExpress_Automation_Project\SeaExpress_Core\venv\Lib\site-packages\pandas\io\excel\_base.py", line 1621, in __init__
    self._reader = self._engines[engine](
                   ~~~~~~~~~~~~~~~~~~~~~^
        self._io,
        ^^^^^^^^^
        storage_options=storage_options,
        ^^^^^^^^^^^^^^^^^^^^^^^^^^^^^^^^
        engine_kwargs=engine_kwargs,
        ^^^^^^^^^^^^^^^^^^^^^^^^^^^^
    )
    ^
  File "G:\我的雲端硬碟\SeaExpress_Automation_Project\SeaExpress_Core\venv\Lib\site-packages\pandas\io\excel\_openpyxl.py", line 559, in __init__
    import_optional_dependency("openpyxl")
    ~~~~~~~~~~~~~~~~~~~~~~~~~~^^^^^^^^^^^^
  File "G:\我的雲端硬碟\SeaExpress_Automation_Project\SeaExpress_Core\venv\Lib\site-packages\pandas\compat\_optional.py", line 161, in import_optional_dependency
    raise ImportError(msg) from err
ImportError: `Import openpyxl` failed.  Use pip or conda to install the openpyxl package.
2026-02-11 15:30:55,753 - INFO - 掃描到 1 個檔案，開始作業...
2026-02-11 15:30:56,840 - INFO - 正在讀取檔案: AYLD25070901EX清关数据-长泰1210件7056.47KG （速龙派件）.xlsx
2026-02-11 15:31:02,610 - ERROR - 處理檔案 AYLD25070901EX清关数据-长泰1210件7056.47KG （速龙派件）.xlsx 時發生錯誤: NDFrame.fillna() got an unexpected keyword argument 'method'
Traceback (most recent call last):
  File "G:\我的雲端硬碟\SeaExpress_Automation_Project\SeaExpress_Core\src\process_excel_order.py", line 70, in process_excel_file
    df['分提單號碼'] = df['分提單號碼'].fillna(method='ffill')
                       ~~~~~~~~~~~~~~~~~~~~~~~^^^^^^^^^^^^^^^^
TypeError: NDFrame.fillna() got an unexpected keyword argument 'method'
2026-02-11 15:37:20,960 - INFO - 掃描到 1 個檔案，開始作業...
2026-02-11 15:37:21,493 - INFO - 正在讀取檔案: AYLD25070901EX清关数据-长泰1210件7056.47KG （速龙派件）.xlsx
2026-02-11 15:37:25,188 - INFO - 解析完成，準備匯入 2562 筆資料...
2026-02-11 15:37:25,660 - INFO - 成功寫入資料庫！
2026-02-11 15:37:25,679 - INFO - 檔案已移至 processed 資料夾
2026-02-14 09:45:29,756 - INFO - 掃描到 1 個檔案，開始作業...
2026-02-14 09:45:30,468 - INFO - 從 A1 讀取到主提單號: IPC251122404EX
2026-02-14 09:45:30,472 - INFO - 正在讀取檔案內容: IPC251122404EX清关资料1147件.xlsx
2026-02-14 09:45:31,223 - ERROR - 檔案格式錯誤，缺少欄位: ['分提單號碼', '貨物編號', '货物名称', '數量', '單價金額', '發票總金額']
2026-02-14 10:06:47,512 - INFO - 掃描到 1 個檔案，開始作業...
2026-02-14 10:06:48,142 - WARNING - 警告: 檔案 IPC250426401EX清关数据-龙海960件7990.64KG（速龙派件） (1).xlsx 的 A1 欄位為空，無法取得主提單號(MAWB)。
2026-02-14 10:06:48,143 - INFO - 正在讀取檔案內容: IPC250426401EX清关数据-龙海960件7990.64KG（速龙派件） (1).xlsx
2026-02-14 10:06:49,098 - INFO - 解析完成，準備匯入 2479 筆資料...
2026-02-14 10:06:52,496 - INFO - 成功寫入資料庫！
2026-02-14 10:06:52,503 - INFO - 檔案已移至 processed 資料夾
2026-02-14 10:19:55,234 - INFO - 掃描到 1 個檔案，開始作業...
2026-02-14 10:19:56,374 - WARNING - 警告: 檔案 IPC250426404EX-东莞955件 7630.03KG（速龙派件）.xlsx 的 A1 欄位為空，無法取得主提單號(MAWB)。
2026-02-14 10:19:56,375 - INFO - 正在讀取檔案內容: IPC250426404EX-东莞955件 7630.03KG（速龙派件）.xlsx
2026-02-14 10:19:58,210 - INFO - 解析完成，準備匯入 2460 筆資料...
2026-02-14 10:20:01,266 - INFO - 成功寫入資料庫！
2026-02-14 10:20:01,281 - INFO - 檔案已移至 processed 資料夾
2026-02-14 10:31:53,903 - INFO - 掃描到 1 個檔案，開始作業...
2026-02-14 10:31:54,787 - INFO - 從 A1 讀取到主提單號: IPC250308421EX
2026-02-14 10:31:54,787 - INFO - 正在讀取檔案內容: IPC250308421EX清关数据-龙海1007件7358.78KG（速龙派件）.xlsx
2026-02-14 10:31:56,265 - INFO - 解析完成，準備匯入 2511 筆資料...
2026-02-14 10:31:59,695 - INFO - 成功寫入資料庫！
2026-02-14 10:31:59,705 - INFO - 檔案已移至 processed 資料夾
2026-02-14 10:37:28,815 - INFO - 掃描到 2 個檔案，開始作業...
2026-02-14 10:37:29,618 - INFO - 從 A1 讀取到主提單號: IPC250301421EX
2026-02-14 10:37:29,619 - INFO - 正在讀取檔案內容: IPC250301421EX清关数据-龙海929件7415.18KG（速龙派件）.xlsx
2026-02-14 10:37:30,789 - INFO - 解析完成，準備匯入 2258 筆資料...
2026-02-14 10:37:33,285 - INFO - 成功寫入資料庫！
2026-02-14 10:37:33,293 - INFO - 檔案已移至 processed 資料夾
2026-02-14 10:37:33,426 - INFO - 從 A1 讀取到主提單號: IPC250303410EX
2026-02-14 10:37:33,427 - INFO - 正在讀取檔案內容: IPC250303410EX清关数据-龙海905件7319.91KG（速龙派件）.xlsx
2026-02-14 10:37:34,427 - INFO - 解析完成，準備匯入 1869 筆資料...
2026-02-14 10:37:37,673 - INFO - 成功寫入資料庫！
2026-02-14 10:37:37,684 - INFO - 檔案已移至 processed 資料夾
2026-02-14 22:33:25,863 - INFO - 掃描到 13 個檔案，開始作業...
2026-02-14 22:33:26,635 - INFO - 從 A1 讀取到主提單號: IPC250329410EX
2026-02-14 22:33:26,636 - INFO - 正在讀取檔案內容: IPC250329410EX.xlsx
2026-02-14 22:33:27,754 - INFO - 解析完成，準備匯入 2767 筆資料...
2026-02-14 22:33:32,659 - INFO - 成功寫入資料庫！
2026-02-14 22:33:32,667 - INFO - 檔案已移至 processed 資料夾
2026-02-14 22:33:32,960 - INFO - 從 A1 讀取到主提單號: IPC250331405EX
2026-02-14 22:33:32,960 - INFO - 正在讀取檔案內容: IPC250331405EX.xlsx
2026-02-14 22:33:34,270 - INFO - 解析完成，準備匯入 2809 筆資料...
2026-02-14 22:33:39,182 - INFO - 成功寫入資料庫！
2026-02-14 22:33:39,189 - INFO - 檔案已移至 processed 資料夾
2026-02-14 22:33:39,499 - INFO - 從 A1 讀取到主提單號: IPC250331401EX
2026-02-14 22:33:39,500 - INFO - 正在讀取檔案內容: IPC250331401EX.xlsx
2026-02-14 22:33:40,960 - INFO - 解析完成，準備匯入 2210 筆資料...
2026-02-14 22:33:44,591 - INFO - 成功寫入資料庫！
2026-02-14 22:33:44,604 - INFO - 檔案已移至 processed 資料夾
2026-02-14 22:33:45,109 - INFO - 從 A1 讀取到主提單號: IPC250327403EX
2026-02-14 22:33:45,110 - INFO - 正在讀取檔案內容: IPC250327403EX.xlsx
2026-02-14 22:33:47,840 - INFO - 解析完成，準備匯入 3315 筆資料...
2026-02-14 22:33:54,293 - INFO - 成功寫入資料庫！
2026-02-14 22:33:54,303 - INFO - 檔案已移至 processed 資料夾
2026-02-14 22:33:54,608 - INFO - 從 A1 讀取到主提單號: IPC250329407EX
2026-02-14 22:33:54,610 - INFO - 正在讀取檔案內容: IPC250329407EX.xlsx
2026-02-14 22:33:56,398 - INFO - 解析完成，準備匯入 3007 筆資料...
2026-02-14 22:33:59,898 - INFO - 成功寫入資料庫！
2026-02-14 22:33:59,905 - INFO - 檔案已移至 processed 資料夾
2026-02-14 22:34:00,253 - INFO - 從 A1 讀取到主提單號: IPC250325423EX
2026-02-14 22:34:00,254 - INFO - 正在讀取檔案內容: IPC250325423EX.xlsx
2026-02-14 22:34:02,749 - INFO - 解析完成，準備匯入 2801 筆資料...
2026-02-14 22:34:05,670 - INFO - 成功寫入資料庫！
2026-02-14 22:34:05,681 - INFO - 檔案已移至 processed 資料夾
2026-02-14 22:34:05,954 - INFO - 從 A1 讀取到主提單號: IPC250325421EX
2026-02-14 22:34:05,955 - INFO - 正在讀取檔案內容: IPC250325421EX.xlsx
2026-02-14 22:34:07,327 - INFO - 解析完成，準備匯入 2447 筆資料...
2026-02-14 22:34:10,853 - INFO - 成功寫入資料庫！
2026-02-14 22:34:10,860 - INFO - 檔案已移至 processed 資料夾
2026-02-14 22:34:11,106 - INFO - 從 A1 讀取到主提單號: IPC250326720EX
2026-02-14 22:34:11,107 - INFO - 正在讀取檔案內容: IPC250326720EX.xlsx
2026-02-14 22:34:12,400 - INFO - 解析完成，準備匯入 2222 筆資料...
2026-02-14 22:34:16,202 - INFO - 成功寫入資料庫！
2026-02-14 22:34:16,221 - INFO - 檔案已移至 processed 資料夾
2026-02-14 22:34:16,592 - INFO - 從 A1 讀取到主提單號: IPC250326721EX
2026-02-14 22:34:16,594 - INFO - 正在讀取檔案內容: IPC250326721EX.xlsx
2026-02-14 22:34:18,843 - INFO - 解析完成，準備匯入 3003 筆資料...
2026-02-14 22:34:22,450 - INFO - 成功寫入資料庫！
2026-02-14 22:34:22,458 - INFO - 檔案已移至 processed 資料夾
2026-02-14 22:34:22,780 - INFO - 從 A1 讀取到主提單號: IPC250324412EX.
2026-02-14 22:34:22,780 - INFO - 正在讀取檔案內容: IPC250324412EX.xlsx
2026-02-14 22:34:24,152 - INFO - 解析完成，準備匯入 2299 筆資料...
2026-02-14 22:34:28,360 - INFO - 成功寫入資料庫！
2026-02-14 22:34:28,377 - INFO - 檔案已移至 processed 資料夾
2026-02-14 22:34:28,643 - INFO - 從 A1 讀取到主提單號: IPC250324413EX
2026-02-14 22:34:28,644 - INFO - 正在讀取檔案內容: IPC250324413EX.xlsx
2026-02-14 22:34:30,092 - INFO - 解析完成，準備匯入 2441 筆資料...
2026-02-14 22:34:34,230 - INFO - 成功寫入資料庫！
2026-02-14 22:34:34,250 - INFO - 檔案已移至 processed 資料夾
2026-02-14 22:34:34,592 - INFO - 從 A1 讀取到主提單號: IPC250322408EX
2026-02-14 22:34:34,592 - INFO - 正在讀取檔案內容: IPC250322408EX.xlsx
2026-02-14 22:34:36,067 - INFO - 解析完成，準備匯入 2743 筆資料...
2026-02-14 22:34:40,188 - INFO - 成功寫入資料庫！
2026-02-14 22:34:40,200 - INFO - 檔案已移至 processed 資料夾
2026-02-14 22:34:40,566 - INFO - 從 A1 讀取到主提單號: IPC250322412EX
2026-02-14 22:34:40,567 - INFO - 正在讀取檔案內容: IPC250322412EX.xlsx
2026-02-14 22:34:42,128 - INFO - 解析完成，準備匯入 2691 筆資料...
2026-02-14 22:34:46,187 - INFO - 成功寫入資料庫！
2026-02-14 22:34:46,195 - INFO - 檔案已移至 processed 資料夾
2026-02-14 23:38:06,297 - INFO - 掃描到 3 個檔案，開始作業...
2026-02-14 23:38:06,850 - INFO - 從 A1 讀取到主提單號: IPC250403408EX
2026-02-14 23:38:06,850 - INFO - 正在讀取檔案內容: IPC250403408EX.xlsx
2026-02-14 23:38:07,565 - INFO - 解析完成，準備匯入 2315 筆資料...
2026-02-14 23:38:11,973 - INFO - 成功寫入資料庫！
2026-02-14 23:38:11,995 - INFO - 檔案已移至 processed 資料夾
2026-02-14 23:38:12,173 - INFO - 從 A1 讀取到主提單號: IPC250403409EX
2026-02-14 23:38:12,173 - INFO - 正在讀取檔案內容: IPC250403409EX.xlsx
2026-02-14 23:38:13,156 - INFO - 解析完成，準備匯入 3040 筆資料...
2026-02-14 23:38:16,963 - INFO - 成功寫入資料庫！
2026-02-14 23:38:16,987 - INFO - 檔案已移至 processed 資料夾
2026-02-14 23:38:17,168 - INFO - 從 A1 讀取到主提單號: IPC250403407EX
2026-02-14 23:38:17,168 - INFO - 正在讀取檔案內容: IPC250403407EX.xlsx
2026-02-14 23:38:18,145 - INFO - 解析完成，準備匯入 2664 筆資料...
2026-02-14 23:38:21,860 - INFO - 成功寫入資料庫！
2026-02-14 23:38:21,873 - INFO - 檔案已移至 processed 資料夾
2026-02-15 12:03:01,732 - INFO - 掃描到 1 個檔案，開始作業...
2026-02-15 12:03:02,510 - INFO - 檔案: 25040104EX.xlsx, MAWB: 25040104EX
2026-02-15 12:03:04,254 - INFO - 舊格式匹配失敗 (非舊格式特徵)，嘗試新格式...
2026-02-15 12:03:05,981 - INFO - 偵測為 [New Format]，解析出 8072 筆資料。
2026-02-15 12:03:09,257 - INFO - 成功寫入資料庫！
2026-02-15 12:03:09,286 - INFO - 檔案已移至 processed 資料夾
2026-02-15 12:15:55,314 - INFO - 掃描到 1 個檔案，開始作業...
2026-02-15 12:15:55,844 - INFO - 從 A1 成功讀取主提單號 (MAWB): 主提單號碼:
2026-02-15 12:15:55,845 - INFO - 開始處理檔案: 25032401EX.xlsx, MAWB: 主提單號碼:
2026-02-15 12:15:56,951 - INFO - 舊格式匹配失敗 (非舊格式特徵)，嘗試新格式...
2026-02-15 12:15:58,123 - INFO - 偵測為 [New Format]，解析出 5440 筆資料。
2026-02-15 12:16:01,118 - INFO - 成功寫入資料庫！
2026-02-15 12:16:01,145 - INFO - 檔案已移至 processed 資料夾
2026-02-15 12:28:11,253 - INFO - 掃描到 1 個檔案，開始作業...
2026-02-15 12:28:11,897 - INFO - A1 欄位內容 '主提單號碼:' 不符合純英數格式 (可能是中文標題)，將忽略 A1。
2026-02-15 12:28:11,898 - INFO - 使用檔名作為主提單號 (MAWB): 25032203EX
2026-02-15 12:28:11,898 - INFO - 開始處理檔案: 25032203EX.xlsx, MAWB: 25032203EX
2026-02-15 12:28:13,113 - INFO - 舊格式匹配失敗 (非舊格式特徵)，嘗試新格式...
2026-02-15 12:28:14,367 - INFO - 偵測為 [New Format]，解析出 5625 筆資料。
2026-02-15 12:28:18,070 - INFO - 成功寫入資料庫！
2026-02-15 12:28:18,077 - INFO - 檔案已移至 processed 資料夾
2026-02-16 20:12:19,854 - INFO - 掃描到 285 個檔案，開始作業...
2026-02-16 20:12:29,618 - INFO - A1 欄位內容 '主提單號碼:' 不符合純英數格式 (可能是中文標題)，將忽略 A1。
2026-02-16 20:12:29,619 - INFO - 使用檔名作為主提單號 (MAWB): 25011305EX
2026-02-16 20:12:29,620 - INFO - 開始處理檔案: 25011305EX.xlsx, MAWB: 25011305EX
2026-02-16 20:12:43,780 - INFO - 舊格式匹配失敗 (非舊格式特徵)，嘗試新格式...
2026-02-16 20:12:59,095 - INFO - 偵測為 [New Format]，解析出 5809 筆資料。
2026-02-16 20:12:59,472 - INFO - 成功寫入資料庫！
2026-02-16 20:13:03,510 - INFO - 檔案已移至 processed 資料夾
2026-02-16 20:13:15,298 - INFO - A1 欄位內容 '主提單號碼:' 不符合純英數格式 (可能是中文標題)，將忽略 A1。
2026-02-16 20:13:15,298 - INFO - 使用檔名作為主提單號 (MAWB): 25011804EX
2026-02-16 20:13:15,299 - INFO - 開始處理檔案: 25011804EX.xlsx, MAWB: 25011804EX
2026-02-16 20:13:31,881 - INFO - 舊格式匹配失敗 (非舊格式特徵)，嘗試新格式...
2026-02-16 20:13:48,338 - INFO - 偵測為 [New Format]，解析出 4585 筆資料。
2026-02-16 20:13:48,577 - INFO - 成功寫入資料庫！
2026-02-16 20:13:51,922 - INFO - 檔案已移至 processed 資料夾
2026-02-16 20:14:04,136 - INFO - A1 欄位內容 '主提單號碼:' 不符合純英數格式 (可能是中文標題)，將忽略 A1。
2026-02-16 20:14:04,137 - INFO - 使用檔名作為主提單號 (MAWB): 25011811EX
2026-02-16 20:14:04,138 - INFO - 開始處理檔案: 25011811EX.xlsx, MAWB: 25011811EX
2026-02-16 20:14:21,714 - INFO - 舊格式匹配失敗 (非舊格式特徵)，嘗試新格式...
2026-02-16 20:14:39,790 - INFO - 偵測為 [New Format]，解析出 7532 筆資料。
2026-02-16 20:14:40,143 - INFO - 成功寫入資料庫！
2026-02-16 20:14:44,238 - INFO - 檔案已移至 processed 資料夾
2026-02-16 20:14:54,732 - INFO - A1 欄位內容 '主提單號碼:' 不符合純英數格式 (可能是中文標題)，將忽略 A1。
2026-02-16 20:14:54,733 - INFO - 使用檔名作為主提單號 (MAWB): 25021102EX
2026-02-16 20:14:54,733 - INFO - 開始處理檔案: 25021102EX.xlsx, MAWB: 25021102EX
2026-02-16 20:15:09,312 - INFO - 舊格式匹配失敗 (非舊格式特徵)，嘗試新格式...
2026-02-16 20:15:27,928 - INFO - 偵測為 [New Format]，解析出 7045 筆資料。
2026-02-16 20:15:28,257 - INFO - 成功寫入資料庫！
2026-02-16 20:15:32,606 - INFO - 檔案已移至 processed 資料夾
2026-02-16 20:15:44,606 - INFO - A1 欄位內容 '主提單號碼:' 不符合純英數格式 (可能是中文標題)，將忽略 A1。
2026-02-16 20:15:44,607 - INFO - 使用檔名作為主提單號 (MAWB): 25021201EX
2026-02-16 20:15:44,608 - INFO - 開始處理檔案: 25021201EX.xlsx, MAWB: 25021201EX
2026-02-16 20:16:02,958 - INFO - 舊格式匹配失敗 (非舊格式特徵)，嘗試新格式...
2026-02-16 20:16:21,369 - INFO - 偵測為 [New Format]，解析出 7475 筆資料。
2026-02-16 20:16:21,756 - INFO - 成功寫入資料庫！
2026-02-16 20:16:25,535 - INFO - 檔案已移至 processed 資料夾
2026-02-16 20:16:38,099 - INFO - A1 欄位內容 '主提單號碼:' 不符合純英數格式 (可能是中文標題)，將忽略 A1。
2026-02-16 20:16:38,101 - INFO - 使用檔名作為主提單號 (MAWB): 25021305EX
2026-02-16 20:16:38,102 - INFO - 開始處理檔案: 25021305EX.xlsx, MAWB: 25021305EX
2026-02-16 20:16:55,911 - INFO - 舊格式匹配失敗 (非舊格式特徵)，嘗試新格式...
2026-02-16 20:17:13,125 - INFO - 偵測為 [New Format]，解析出 6633 筆資料。
2026-02-16 20:17:13,472 - INFO - 成功寫入資料庫！
2026-02-16 20:17:16,524 - INFO - 檔案已移至 processed 資料夾
2026-02-16 20:17:35,569 - INFO - A1 欄位內容 '主提單號碼:' 不符合純英數格式 (可能是中文標題)，將忽略 A1。
2026-02-16 20:17:35,570 - INFO - 使用檔名作為主提單號 (MAWB): 25021703EX
2026-02-16 20:17:35,570 - INFO - 開始處理檔案: 25021703EX.xlsx, MAWB: 25021703EX
2026-02-16 20:18:01,048 - INFO - 舊格式匹配失敗 (非舊格式特徵)，嘗試新格式...
2026-02-16 20:18:25,273 - INFO - 偵測為 [New Format]，解析出 6705 筆資料。
2026-02-16 20:18:25,625 - INFO - 成功寫入資料庫！
2026-02-16 20:18:29,073 - INFO - 檔案已移至 processed 資料夾
2026-02-16 20:18:40,290 - INFO - A1 欄位內容 '主提單號碼:' 不符合純英數格式 (可能是中文標題)，將忽略 A1。
2026-02-16 20:18:40,291 - INFO - 使用檔名作為主提單號 (MAWB): 25021801EX
2026-02-16 20:18:40,292 - INFO - 開始處理檔案: 25021801EX.xlsx, MAWB: 25021801EX
2026-02-16 20:18:56,203 - INFO - 舊格式匹配失敗 (非舊格式特徵)，嘗試新格式...
2026-02-16 20:19:13,124 - INFO - 偵測為 [New Format]，解析出 6138 筆資料。
2026-02-16 20:19:13,391 - INFO - 成功寫入資料庫！
2026-02-16 20:19:16,074 - INFO - 檔案已移至 processed 資料夾
2026-02-16 20:19:26,829 - INFO - A1 欄位內容 '主提單號碼:' 不符合純英數格式 (可能是中文標題)，將忽略 A1。
2026-02-16 20:19:26,830 - INFO - 使用檔名作為主提單號 (MAWB): 25021901EX
2026-02-16 20:19:26,831 - INFO - 開始處理檔案: 25021901EX.xlsx, MAWB: 25021901EX
2026-02-16 20:19:44,941 - INFO - 舊格式匹配失敗 (非舊格式特徵)，嘗試新格式...
2026-02-16 20:20:04,105 - INFO - 偵測為 [New Format]，解析出 6600 筆資料。
2026-02-16 20:20:04,400 - INFO - 成功寫入資料庫！
2026-02-16 20:20:07,783 - INFO - 檔案已移至 processed 資料夾
2026-02-16 20:20:18,539 - INFO - A1 欄位內容 '主提單號碼:' 不符合純英數格式 (可能是中文標題)，將忽略 A1。
2026-02-16 20:20:18,539 - INFO - 使用檔名作為主提單號 (MAWB): 25022005EX
2026-02-16 20:20:18,540 - INFO - 開始處理檔案: 25022005EX.xlsx, MAWB: 25022005EX
2026-02-16 20:20:37,331 - INFO - 舊格式匹配失敗 (非舊格式特徵)，嘗試新格式...
2026-02-16 20:20:52,347 - INFO - 偵測為 [New Format]，解析出 6073 筆資料。
2026-02-16 20:20:52,612 - INFO - 成功寫入資料庫！
2026-02-16 20:20:56,713 - INFO - 檔案已移至 processed 資料夾
2026-02-16 20:21:07,189 - INFO - A1 欄位內容 '主提單號碼:' 不符合純英數格式 (可能是中文標題)，將忽略 A1。
2026-02-16 20:21:07,190 - INFO - 使用檔名作為主提單號 (MAWB): 25022201EX
2026-02-16 20:21:07,190 - INFO - 開始處理檔案: 25022201EX.xlsx, MAWB: 25022201EX
2026-02-16 20:21:23,355 - INFO - 舊格式匹配失敗 (非舊格式特徵)，嘗試新格式...
2026-02-16 20:21:42,152 - INFO - 偵測為 [New Format]，解析出 6488 筆資料。
2026-02-16 20:21:42,416 - INFO - 成功寫入資料庫！
2026-02-16 20:21:46,895 - INFO - 檔案已移至 processed 資料夾
2026-02-16 20:21:57,772 - INFO - A1 欄位內容 '主提單號碼:' 不符合純英數格式 (可能是中文標題)，將忽略 A1。
2026-02-16 20:21:57,774 - INFO - 使用檔名作為主提單號 (MAWB): 25022401EX
2026-02-16 20:21:57,774 - INFO - 開始處理檔案: 25022401EX.xlsx, MAWB: 25022401EX
2026-02-16 20:22:17,237 - INFO - 舊格式匹配失敗 (非舊格式特徵)，嘗試新格式...
2026-02-16 20:22:36,476 - INFO - 偵測為 [New Format]，解析出 6495 筆資料。
2026-02-16 20:22:36,804 - INFO - 成功寫入資料庫！
2026-02-16 20:22:42,364 - INFO - 檔案已移至 processed 資料夾
2026-02-16 20:22:51,300 - INFO - A1 欄位內容 '主提單號碼:' 不符合純英數格式 (可能是中文標題)，將忽略 A1。
2026-02-16 20:22:51,301 - INFO - 使用檔名作為主提單號 (MAWB): 25022513EX
2026-02-16 20:22:51,301 - INFO - 開始處理檔案: 25022513EX.xlsx, MAWB: 25022513EX
2026-02-16 20:23:05,513 - INFO - 舊格式匹配失敗 (非舊格式特徵)，嘗試新格式...
2026-02-16 20:23:18,889 - INFO - 偵測為 [New Format]，解析出 5733 筆資料。
2026-02-16 20:23:19,129 - INFO - 成功寫入資料庫！
2026-02-16 20:23:22,373 - INFO - 檔案已移至 processed 資料夾
2026-02-16 20:23:32,157 - INFO - A1 欄位內容 '主提單號碼:' 不符合純英數格式 (可能是中文標題)，將忽略 A1。
2026-02-16 20:23:32,157 - INFO - 使用檔名作為主提單號 (MAWB): 25022601EX
2026-02-16 20:23:32,158 - INFO - 開始處理檔案: 25022601EX.xlsx, MAWB: 25022601EX
2026-02-16 20:23:50,571 - INFO - 舊格式匹配失敗 (非舊格式特徵)，嘗試新格式...
2026-02-16 20:24:06,959 - INFO - 偵測為 [New Format]，解析出 4739 筆資料。
2026-02-16 20:24:07,205 - INFO - 成功寫入資料庫！
2026-02-16 20:24:10,256 - INFO - 檔案已移至 processed 資料夾
2026-02-16 20:24:23,539 - INFO - A1 欄位內容 '主提單號碼:' 不符合純英數格式 (可能是中文標題)，將忽略 A1。
2026-02-16 20:24:23,540 - INFO - 使用檔名作為主提單號 (MAWB): 25030106EX
2026-02-16 20:24:23,540 - INFO - 開始處理檔案: 25030106EX.xlsx, MAWB: 25030106EX
2026-02-16 20:24:45,819 - INFO - 舊格式匹配失敗 (非舊格式特徵)，嘗試新格式...
2026-02-16 20:25:05,695 - INFO - 偵測為 [New Format]，解析出 5522 筆資料。
2026-02-16 20:25:05,909 - INFO - 成功寫入資料庫！
2026-02-16 20:25:09,803 - INFO - 檔案已移至 processed 資料夾
2026-02-16 20:25:21,180 - INFO - A1 欄位內容 '主提單號碼:' 不符合純英數格式 (可能是中文標題)，將忽略 A1。
2026-02-16 20:25:21,181 - INFO - 使用檔名作為主提單號 (MAWB): 25030107EX
2026-02-16 20:25:21,181 - INFO - 開始處理檔案: 25030107EX.xlsx, MAWB: 25030107EX
2026-02-16 20:25:40,080 - INFO - 舊格式匹配失敗 (非舊格式特徵)，嘗試新格式...
2026-02-16 20:25:58,282 - INFO - 偵測為 [New Format]，解析出 5792 筆資料。
2026-02-16 20:25:58,537 - INFO - 成功寫入資料庫！
2026-02-16 20:26:01,580 - INFO - 檔案已移至 processed 資料夾
2026-02-16 20:26:12,797 - INFO - A1 欄位內容 '主提單號碼:' 不符合純英數格式 (可能是中文標題)，將忽略 A1。
2026-02-16 20:26:12,798 - INFO - 使用檔名作為主提單號 (MAWB): 25030301EX
2026-02-16 20:26:12,798 - INFO - 開始處理檔案: 25030301EX.xlsx, MAWB: 25030301EX
2026-02-16 20:26:27,947 - INFO - 舊格式匹配失敗 (非舊格式特徵)，嘗試新格式...
2026-02-16 20:26:44,990 - INFO - 偵測為 [New Format]，解析出 7023 筆資料。
2026-02-16 20:26:45,249 - INFO - 成功寫入資料庫！
2026-02-16 20:26:49,177 - INFO - 檔案已移至 processed 資料夾
2026-02-16 20:26:59,650 - INFO - A1 欄位內容 '主提單號碼:' 不符合純英數格式 (可能是中文標題)，將忽略 A1。
2026-02-16 20:26:59,650 - INFO - 使用檔名作為主提單號 (MAWB): 25030501EX
2026-02-16 20:26:59,651 - INFO - 開始處理檔案: 25030501EX.xlsx, MAWB: 25030501EX
2026-02-16 20:27:15,598 - INFO - 舊格式匹配失敗 (非舊格式特徵)，嘗試新格式...
2026-02-16 20:27:32,829 - INFO - 偵測為 [New Format]，解析出 6012 筆資料。
2026-02-16 20:27:33,071 - INFO - 成功寫入資料庫！
2026-02-16 20:27:36,383 - INFO - 檔案已移至 processed 資料夾
2026-02-16 20:27:48,140 - INFO - A1 欄位內容 '主提單號碼:' 不符合純英數格式 (可能是中文標題)，將忽略 A1。
2026-02-16 20:27:48,141 - INFO - 使用檔名作為主提單號 (MAWB): 25030606EX
2026-02-16 20:27:48,141 - INFO - 開始處理檔案: 25030606EX.xlsx, MAWB: 25030606EX
2026-02-16 20:28:02,286 - INFO - 舊格式匹配失敗 (非舊格式特徵)，嘗試新格式...
2026-02-16 20:28:16,741 - INFO - 偵測為 [New Format]，解析出 5602 筆資料。
2026-02-16 20:28:16,944 - INFO - 成功寫入資料庫！
2026-02-16 20:28:19,804 - INFO - 檔案已移至 processed 資料夾
2026-02-16 20:28:30,411 - INFO - A1 欄位內容 '主提單號碼:' 不符合純英數格式 (可能是中文標題)，將忽略 A1。
2026-02-16 20:28:30,412 - INFO - 使用檔名作為主提單號 (MAWB): 25030801EX
2026-02-16 20:28:30,412 - INFO - 開始處理檔案: 25030801EX.xlsx, MAWB: 25030801EX
2026-02-16 20:28:50,693 - INFO - 舊格式匹配失敗 (非舊格式特徵)，嘗試新格式...
2026-02-16 20:29:11,307 - INFO - 偵測為 [New Format]，解析出 6198 筆資料。
2026-02-16 20:29:11,619 - INFO - 成功寫入資料庫！
2026-02-16 20:29:15,783 - INFO - 檔案已移至 processed 資料夾
2026-02-16 20:29:29,644 - INFO - A1 欄位內容 '主提單號碼:' 不符合純英數格式 (可能是中文標題)，將忽略 A1。
2026-02-16 20:29:29,645 - INFO - 使用檔名作為主提單號 (MAWB): 25031003EX
2026-02-16 20:29:29,645 - INFO - 開始處理檔案: 25031003EX.xlsx, MAWB: 25031003EX
2026-02-16 20:29:50,565 - INFO - 舊格式匹配失敗 (非舊格式特徵)，嘗試新格式...
2026-02-16 20:30:14,157 - INFO - 偵測為 [New Format]，解析出 6067 筆資料。
2026-02-16 20:30:14,421 - INFO - 成功寫入資料庫！
2026-02-16 20:30:17,690 - INFO - 檔案已移至 processed 資料夾
2026-02-16 20:30:41,060 - INFO - A1 欄位內容 '主提單號碼:' 不符合純英數格式 (可能是中文標題)，將忽略 A1。
2026-02-16 20:30:41,061 - INFO - 使用檔名作為主提單號 (MAWB): 25031106EX
2026-02-16 20:30:41,062 - INFO - 開始處理檔案: 25031106EX.xlsx, MAWB: 25031106EX
2026-02-16 20:30:55,275 - INFO - 舊格式匹配失敗 (非舊格式特徵)，嘗試新格式...
2026-02-16 20:31:10,788 - INFO - 偵測為 [New Format]，解析出 5488 筆資料。
2026-02-16 20:31:11,026 - INFO - 成功寫入資料庫！
2026-02-16 20:31:15,135 - INFO - 檔案已移至 processed 資料夾
2026-02-16 20:31:38,651 - INFO - A1 欄位內容 '主提單號碼:' 不符合純英數格式 (可能是中文標題)，將忽略 A1。
2026-02-16 20:31:38,652 - INFO - 使用檔名作為主提單號 (MAWB): 25031201EX
2026-02-16 20:31:38,653 - INFO - 開始處理檔案: 25031201EX.xlsx, MAWB: 25031201EX
2026-02-16 20:31:57,998 - INFO - 舊格式匹配失敗 (非舊格式特徵)，嘗試新格式...
2026-02-16 20:32:14,911 - INFO - 偵測為 [New Format]，解析出 5280 筆資料。
2026-02-16 20:32:15,126 - INFO - 成功寫入資料庫！
2026-02-16 20:32:18,256 - INFO - 檔案已移至 processed 資料夾
2026-02-16 20:32:28,889 - INFO - A1 欄位內容 '主提單號碼:' 不符合純英數格式 (可能是中文標題)，將忽略 A1。
2026-02-16 20:32:28,890 - INFO - 使用檔名作為主提單號 (MAWB): 25031306EX
2026-02-16 20:32:28,890 - INFO - 開始處理檔案: 25031306EX.xlsx, MAWB: 25031306EX
2026-02-16 20:32:43,977 - INFO - 舊格式匹配失敗 (非舊格式特徵)，嘗試新格式...
2026-02-16 20:32:59,388 - INFO - 偵測為 [New Format]，解析出 4006 筆資料。
2026-02-16 20:32:59,557 - INFO - 成功寫入資料庫！
2026-02-16 20:33:03,769 - INFO - 檔案已移至 processed 資料夾
2026-02-16 20:33:15,199 - INFO - A1 欄位內容 '主提單號碼:' 不符合純英數格式 (可能是中文標題)，將忽略 A1。
2026-02-16 20:33:15,200 - INFO - 使用檔名作為主提單號 (MAWB): 25031501EX
2026-02-16 20:33:15,201 - INFO - 開始處理檔案: 25031501EX.xlsx, MAWB: 25031501EX
2026-02-16 20:33:33,123 - INFO - 舊格式匹配失敗 (非舊格式特徵)，嘗試新格式...
2026-02-16 20:33:50,611 - INFO - 偵測為 [New Format]，解析出 6688 筆資料。
2026-02-16 20:33:50,873 - INFO - 成功寫入資料庫！
2026-02-16 20:33:54,712 - INFO - 檔案已移至 processed 資料夾
2026-02-16 20:34:04,847 - INFO - A1 欄位內容 '主提單號碼:' 不符合純英數格式 (可能是中文標題)，將忽略 A1。
2026-02-16 20:34:04,848 - INFO - 使用檔名作為主提單號 (MAWB): 25031703EX
2026-02-16 20:34:04,849 - INFO - 開始處理檔案: 25031703EX.xlsx, MAWB: 25031703EX
2026-02-16 20:34:22,135 - INFO - 舊格式匹配失敗 (非舊格式特徵)，嘗試新格式...
2026-02-16 20:34:41,349 - INFO - 偵測為 [New Format]，解析出 5792 筆資料。
2026-02-16 20:34:41,632 - INFO - 成功寫入資料庫！
2026-02-16 20:34:44,209 - INFO - 檔案已移至 processed 資料夾
2026-02-16 20:34:54,808 - INFO - A1 欄位內容 '主提單號碼:' 不符合純英數格式 (可能是中文標題)，將忽略 A1。
2026-02-16 20:34:54,809 - INFO - 使用檔名作為主提單號 (MAWB): 25032002EX
2026-02-16 20:34:54,809 - INFO - 開始處理檔案: 25032002EX.xlsx, MAWB: 25032002EX
2026-02-16 20:35:10,855 - INFO - 舊格式匹配失敗 (非舊格式特徵)，嘗試新格式...
2026-02-16 20:35:29,058 - INFO - 偵測為 [New Format]，解析出 6791 筆資料。
2026-02-16 20:35:29,396 - INFO - 成功寫入資料庫！
2026-02-16 20:35:32,498 - INFO - 檔案已移至 processed 資料夾
2026-02-16 20:35:45,906 - INFO - A1 欄位內容 '主提單號碼:' 不符合純英數格式 (可能是中文標題)，將忽略 A1。
2026-02-16 20:35:45,906 - INFO - 使用檔名作為主提單號 (MAWB): 25032401EX
2026-02-16 20:35:45,907 - INFO - 開始處理檔案: 25032401EX.xlsx, MAWB: 25032401EX
2026-02-16 20:36:05,258 - INFO - 舊格式匹配失敗 (非舊格式特徵)，嘗試新格式...
2026-02-16 20:36:27,995 - INFO - 偵測為 [New Format]，解析出 5440 筆資料。
2026-02-16 20:36:28,282 - INFO - 成功寫入資料庫！
2026-02-16 20:36:33,546 - INFO - 檔案已移至 processed 資料夾
2026-02-16 20:36:44,013 - INFO - A1 欄位內容 '主提單號碼:' 不符合純英數格式 (可能是中文標題)，將忽略 A1。
2026-02-16 20:36:44,014 - INFO - 使用檔名作為主提單號 (MAWB): 25040501EX
2026-02-16 20:36:44,015 - INFO - 開始處理檔案: 25040501EX.xlsx, MAWB: 25040501EX
2026-02-16 20:37:04,231 - INFO - 舊格式匹配失敗 (非舊格式特徵)，嘗試新格式...
2026-02-16 20:37:20,348 - INFO - 偵測為 [New Format]，解析出 8145 筆資料。
2026-02-16 20:37:20,710 - INFO - 成功寫入資料庫！
2026-02-16 20:37:23,952 - INFO - 檔案已移至 processed 資料夾
2026-02-16 20:37:38,699 - INFO - A1 欄位內容 '主提單號碼:' 不符合純英數格式 (可能是中文標題)，將忽略 A1。
2026-02-16 20:37:38,700 - INFO - 使用檔名作為主提單號 (MAWB): 25041004EX
2026-02-16 20:37:38,700 - INFO - 開始處理檔案: 25041004EX.xlsx, MAWB: 25041004EX
2026-02-16 20:38:01,260 - INFO - 舊格式匹配失敗 (非舊格式特徵)，嘗試新格式...
2026-02-16 20:38:25,438 - INFO - 偵測為 [New Format]，解析出 8169 筆資料。
2026-02-16 20:38:25,783 - INFO - 成功寫入資料庫！
2026-02-16 20:38:28,824 - INFO - 檔案已移至 processed 資料夾
2026-02-16 20:38:44,586 - INFO - A1 欄位內容 '主提單號碼:' 不符合純英數格式 (可能是中文標題)，將忽略 A1。
2026-02-16 20:38:44,587 - INFO - 使用檔名作為主提單號 (MAWB): 25041201EX
2026-02-16 20:38:44,588 - INFO - 開始處理檔案: 25041201EX.xlsx, MAWB: 25041201EX
2026-02-16 20:39:11,429 - INFO - 舊格式匹配失敗 (非舊格式特徵)，嘗試新格式...
2026-02-16 20:39:35,738 - INFO - 偵測為 [New Format]，解析出 8066 筆資料。
2026-02-16 20:39:36,070 - INFO - 成功寫入資料庫！
2026-02-16 20:39:38,486 - INFO - 檔案已移至 processed 資料夾
2026-02-16 20:39:50,122 - INFO - 使用檔名作為主提單號 (MAWB): AYLD25060704EX
2026-02-16 20:39:50,123 - INFO - 開始處理檔案: AYLD25060704EX.xlsx, MAWB: AYLD25060704EX
2026-02-16 20:40:05,268 - INFO - 偵測為 [Old Format]，解析出 3369 筆資料。
2026-02-16 20:40:05,512 - INFO - 成功寫入資料庫！
2026-02-16 20:40:07,769 - INFO - 檔案已移至 processed 資料夾
2026-02-16 20:40:15,770 - INFO - 使用檔名作為主提單號 (MAWB): AYLD25060902EX
2026-02-16 20:40:15,771 - INFO - 開始處理檔案: AYLD25060902EX.xlsx, MAWB: AYLD25060902EX
2026-02-16 20:40:28,621 - INFO - 偵測為 [Old Format]，解析出 2868 筆資料。
2026-02-16 20:40:28,792 - INFO - 成功寫入資料庫！
2026-02-16 20:40:32,758 - INFO - 檔案已移至 processed 資料夾
2026-02-16 20:40:43,013 - INFO - 使用檔名作為主提單號 (MAWB): AYLD25060903EX
2026-02-16 20:40:43,013 - INFO - 開始處理檔案: AYLD25060903EX.xlsx, MAWB: AYLD25060903EX
2026-02-16 20:40:57,183 - INFO - 偵測為 [Old Format]，解析出 2848 筆資料。
2026-02-16 20:40:57,328 - INFO - 成功寫入資料庫！
2026-02-16 20:40:59,992 - INFO - 檔案已移至 processed 資料夾
2026-02-16 20:41:11,113 - INFO - 使用檔名作為主提單號 (MAWB): AYLD25060904EX
2026-02-16 20:41:11,113 - INFO - 開始處理檔案: AYLD25060904EX.xlsx, MAWB: AYLD25060904EX
2026-02-16 20:41:24,647 - INFO - 偵測為 [Old Format]，解析出 2683 筆資料。
2026-02-16 20:41:24,786 - INFO - 成功寫入資料庫！
2026-02-16 20:41:27,749 - INFO - 檔案已移至 processed 資料夾
2026-02-16 20:41:36,139 - INFO - 使用檔名作為主提單號 (MAWB): AYLD25060907EX
2026-02-16 20:41:36,140 - INFO - 開始處理檔案: AYLD25060907EX.xlsx, MAWB: AYLD25060907EX
2026-02-16 20:41:46,480 - INFO - 偵測為 [Old Format]，解析出 3287 筆資料。
2026-02-16 20:41:46,722 - INFO - 成功寫入資料庫！
2026-02-16 20:41:51,023 - INFO - 檔案已移至 processed 資料夾
2026-02-16 20:42:01,761 - INFO - 使用檔名作為主提單號 (MAWB): AYLD25061001EX
2026-02-16 20:42:01,761 - INFO - 開始處理檔案: AYLD25061001EX.xlsx, MAWB: AYLD25061001EX
2026-02-16 20:42:15,061 - INFO - 偵測為 [Old Format]，解析出 3290 筆資料。
2026-02-16 20:42:15,225 - INFO - 成功寫入資料庫！
2026-02-16 20:42:18,335 - INFO - 檔案已移至 processed 資料夾
2026-02-16 20:42:26,912 - INFO - 使用檔名作為主提單號 (MAWB): AYLD25061002EX
2026-02-16 20:42:26,913 - INFO - 開始處理檔案: AYLD25061002EX.xlsx, MAWB: AYLD25061002EX
2026-02-16 20:42:38,223 - INFO - 偵測為 [Old Format]，解析出 3289 筆資料。
2026-02-16 20:42:38,400 - INFO - 成功寫入資料庫！
2026-02-16 20:42:48,927 - INFO - 檔案已移至 processed 資料夾
2026-02-16 20:42:55,992 - INFO - 使用檔名作為主提單號 (MAWB): AYLD25061003EX
2026-02-16 20:42:55,993 - INFO - 開始處理檔案: AYLD25061003EX.xlsx, MAWB: AYLD25061003EX
2026-02-16 20:43:07,422 - INFO - 偵測為 [Old Format]，解析出 3079 筆資料。
2026-02-16 20:43:07,654 - INFO - 成功寫入資料庫！
2026-02-16 20:43:11,638 - INFO - 檔案已移至 processed 資料夾
2026-02-16 20:43:17,340 - INFO - 使用檔名作為主提單號 (MAWB): AYLD25061101EX
2026-02-16 20:43:17,340 - INFO - 開始處理檔案: AYLD25061101EX.xlsx, MAWB: AYLD25061101EX
2026-02-16 20:43:22,529 - INFO - 偵測為 [Old Format]，解析出 1 筆資料。
2026-02-16 20:43:22,564 - INFO - 成功寫入資料庫！
2026-02-16 20:43:24,508 - INFO - 檔案已移至 processed 資料夾
2026-02-16 20:43:30,216 - INFO - 使用檔名作為主提單號 (MAWB): AYLD25061102EX
2026-02-16 20:43:30,216 - INFO - 開始處理檔案: AYLD25061102EX.xlsx, MAWB: AYLD25061102EX
2026-02-16 20:43:38,530 - INFO - 偵測為 [Old Format]，解析出 1 筆資料。
2026-02-16 20:43:38,554 - INFO - 成功寫入資料庫！
2026-02-16 20:43:41,298 - INFO - 檔案已移至 processed 資料夾
2026-02-16 20:43:51,466 - INFO - 使用檔名作為主提單號 (MAWB): AYLD25061103EX
2026-02-16 20:43:51,467 - INFO - 開始處理檔案: AYLD25061103EX.xlsx, MAWB: AYLD25061103EX
2026-02-16 20:44:05,652 - INFO - 偵測為 [Old Format]，解析出 2712 筆資料。
2026-02-16 20:44:05,851 - INFO - 成功寫入資料庫！
2026-02-16 20:44:08,470 - INFO - 檔案已移至 processed 資料夾
2026-02-16 20:44:18,401 - INFO - 使用檔名作為主提單號 (MAWB): AYLD25061201EX
2026-02-16 20:44:18,402 - INFO - 開始處理檔案: AYLD25061201EX.xlsx, MAWB: AYLD25061201EX
2026-02-16 20:44:31,885 - INFO - 偵測為 [Old Format]，解析出 2551 筆資料。
2026-02-16 20:44:32,039 - INFO - 成功寫入資料庫！
2026-02-16 20:44:35,235 - INFO - 檔案已移至 processed 資料夾
2026-02-16 20:44:44,870 - INFO - 使用檔名作為主提單號 (MAWB): AYLD25061202EX
2026-02-16 20:44:44,871 - INFO - 開始處理檔案: AYLD25061202EX.xlsx, MAWB: AYLD25061202EX
2026-02-16 20:44:58,346 - INFO - 偵測為 [Old Format]，解析出 3228 筆資料。
2026-02-16 20:44:58,505 - INFO - 成功寫入資料庫！
2026-02-16 20:45:00,954 - INFO - 檔案已移至 processed 資料夾
2026-02-16 20:45:06,948 - INFO - 使用檔名作為主提單號 (MAWB): AYLD25061401EX
2026-02-16 20:45:06,948 - INFO - 開始處理檔案: AYLD25061401EX.xlsx, MAWB: AYLD25061401EX
2026-02-16 20:45:17,939 - INFO - 偵測為 [Old Format]，解析出 3046 筆資料。
2026-02-16 20:45:18,198 - INFO - 成功寫入資料庫！
2026-02-16 20:45:21,502 - INFO - 檔案已移至 processed 資料夾
2026-02-16 20:45:34,674 - INFO - 使用檔名作為主提單號 (MAWB): AYLD25061402EX
2026-02-16 20:45:34,675 - INFO - 開始處理檔案: AYLD25061402EX.xlsx, MAWB: AYLD25061402EX
2026-02-16 20:45:49,931 - INFO - 偵測為 [Old Format]，解析出 3237 筆資料。
2026-02-16 20:45:50,112 - INFO - 成功寫入資料庫！
2026-02-16 20:45:53,293 - INFO - 檔案已移至 processed 資料夾
2026-02-16 20:46:03,947 - INFO - 使用檔名作為主提單號 (MAWB): AYLD25061403EX
2026-02-16 20:46:03,948 - INFO - 開始處理檔案: AYLD25061403EX.xlsx, MAWB: AYLD25061403EX
2026-02-16 20:46:18,536 - INFO - 偵測為 [Old Format]，解析出 3207 筆資料。
2026-02-16 20:46:18,700 - INFO - 成功寫入資料庫！
2026-02-16 20:46:21,972 - INFO - 檔案已移至 processed 資料夾
2026-02-16 20:46:29,477 - INFO - 使用檔名作為主提單號 (MAWB): AYLD25061404EX
2026-02-16 20:46:29,477 - INFO - 開始處理檔案: AYLD25061404EX.xlsx, MAWB: AYLD25061404EX
2026-02-16 20:46:39,795 - INFO - 偵測為 [Old Format]，解析出 3179 筆資料。
2026-02-16 20:46:40,062 - INFO - 成功寫入資料庫！
2026-02-16 20:46:42,693 - INFO - 檔案已移至 processed 資料夾
2026-02-16 20:46:53,920 - INFO - 使用檔名作為主提單號 (MAWB): AYLD25061405EX
2026-02-16 20:46:53,920 - INFO - 開始處理檔案: AYLD25061405EX.xlsx, MAWB: AYLD25061405EX
2026-02-16 20:47:09,398 - INFO - 偵測為 [Old Format]，解析出 3274 筆資料。
2026-02-16 20:47:09,552 - INFO - 成功寫入資料庫！
2026-02-16 20:47:12,357 - INFO - 檔案已移至 processed 資料夾
2026-02-16 20:47:19,112 - INFO - 使用檔名作為主提單號 (MAWB): AYLD25061601EX
2026-02-16 20:47:19,113 - INFO - 開始處理檔案: AYLD25061601EX.xlsx, MAWB: AYLD25061601EX
2026-02-16 20:47:28,323 - INFO - 偵測為 [Old Format]，解析出 2692 筆資料。
2026-02-16 20:47:28,529 - INFO - 成功寫入資料庫！
2026-02-16 20:47:31,167 - INFO - 檔案已移至 processed 資料夾
2026-02-16 20:47:39,933 - INFO - 使用檔名作為主提單號 (MAWB): AYLD25061602EX
2026-02-16 20:47:39,934 - INFO - 開始處理檔案: AYLD25061602EX.xlsx, MAWB: AYLD25061602EX
2026-02-16 20:47:51,594 - INFO - 偵測為 [Old Format]，解析出 2916 筆資料。
2026-02-16 20:47:51,765 - INFO - 成功寫入資料庫！
2026-02-16 20:47:54,385 - INFO - 檔案已移至 processed 資料夾
2026-02-16 20:48:07,026 - INFO - 使用檔名作為主提單號 (MAWB): AYLD25062409EX
2026-02-16 20:48:07,027 - INFO - 開始處理檔案: AYLD25062409EX.xlsx, MAWB: AYLD25062409EX
2026-02-16 20:48:28,211 - INFO - 偵測為 [Old Format]，解析出 3005 筆資料。
2026-02-16 20:48:28,377 - INFO - 成功寫入資料庫！
2026-02-16 20:48:31,558 - INFO - 檔案已移至 processed 資料夾
2026-02-16 20:48:38,445 - INFO - 使用檔名作為主提單號 (MAWB): AYLD25063011EX
2026-02-16 20:48:38,447 - INFO - 開始處理檔案: AYLD25063011EX.xlsx, MAWB: AYLD25063011EX
2026-02-16 20:48:48,975 - INFO - 偵測為 [Old Format]，解析出 3072 筆資料。
2026-02-16 20:48:49,156 - INFO - 成功寫入資料庫！
2026-02-16 20:48:51,581 - INFO - 檔案已移至 processed 資料夾
2026-02-16 20:48:59,088 - INFO - 使用檔名作為主提單號 (MAWB): AYLD25070108EX
2026-02-16 20:48:59,089 - INFO - 開始處理檔案: AYLD25070108EX.xlsx, MAWB: AYLD25070108EX
2026-02-16 20:49:10,520 - INFO - 偵測為 [Old Format]，解析出 4456 筆資料。
2026-02-16 20:49:10,775 - INFO - 成功寫入資料庫！
2026-02-16 20:49:14,100 - INFO - 檔案已移至 processed 資料夾
2026-02-16 20:49:23,290 - INFO - 使用檔名作為主提單號 (MAWB): AYLD25070501EX
2026-02-16 20:49:23,291 - INFO - 開始處理檔案: AYLD25070501EX.xlsx, MAWB: AYLD25070501EX
2026-02-16 20:49:36,372 - INFO - 偵測為 [Old Format]，解析出 2631 筆資料。
2026-02-16 20:49:36,573 - INFO - 成功寫入資料庫！
2026-02-16 20:49:39,492 - INFO - 檔案已移至 processed 資料夾
2026-02-16 20:49:52,657 - INFO - 使用檔名作為主提單號 (MAWB): AYLD25070504EX
2026-02-16 20:49:52,658 - INFO - 開始處理檔案: AYLD25070504EX.xlsx, MAWB: AYLD25070504EX
2026-02-16 20:50:14,642 - INFO - 偵測為 [Old Format]，解析出 4518 筆資料。
2026-02-16 20:50:14,880 - INFO - 成功寫入資料庫！
2026-02-16 20:50:17,176 - INFO - 檔案已移至 processed 資料夾
2026-02-16 20:50:33,370 - INFO - 使用檔名作為主提單號 (MAWB): AYLD25070506EX
2026-02-16 20:50:33,370 - INFO - 開始處理檔案: AYLD25070506EX.xlsx, MAWB: AYLD25070506EX
2026-02-16 20:50:47,809 - INFO - 偵測為 [Old Format]，解析出 2751 筆資料。
2026-02-16 20:50:47,971 - INFO - 成功寫入資料庫！
2026-02-16 20:50:50,858 - INFO - 檔案已移至 processed 資料夾
2026-02-16 20:51:00,657 - INFO - 使用檔名作為主提單號 (MAWB): AYLD25070508EX
2026-02-16 20:51:00,658 - INFO - 開始處理檔案: AYLD25070508EX.xlsx, MAWB: AYLD25070508EX
2026-02-16 20:51:15,367 - INFO - 偵測為 [Old Format]，解析出 2859 筆資料。
2026-02-16 20:51:15,534 - INFO - 成功寫入資料庫！
2026-02-16 20:51:18,678 - INFO - 檔案已移至 processed 資料夾
2026-02-16 20:51:27,664 - INFO - 使用檔名作為主提單號 (MAWB): AYLD25070513EX
2026-02-16 20:51:27,664 - INFO - 開始處理檔案: AYLD25070513EX.xlsx, MAWB: AYLD25070513EX
2026-02-16 20:51:43,266 - INFO - 偵測為 [Old Format]，解析出 3676 筆資料。
2026-02-16 20:51:43,466 - INFO - 成功寫入資料庫！
2026-02-16 20:51:47,161 - INFO - 檔案已移至 processed 資料夾
2026-02-16 20:52:02,033 - INFO - 使用檔名作為主提單號 (MAWB): AYLD25070514EX
2026-02-16 20:52:02,034 - INFO - 開始處理檔案: AYLD25070514EX.xlsx, MAWB: AYLD25070514EX
2026-02-16 20:52:23,795 - INFO - 偵測為 [Old Format]，解析出 3562 筆資料。
2026-02-16 20:52:23,970 - INFO - 成功寫入資料庫！
2026-02-16 20:52:27,400 - INFO - 檔案已移至 processed 資料夾
2026-02-16 20:52:38,376 - INFO - 使用檔名作為主提單號 (MAWB): AYLD25070807EX
2026-02-16 20:52:38,377 - INFO - 開始處理檔案: AYLD25070807EX.xlsx, MAWB: AYLD25070807EX
2026-02-16 20:52:53,884 - INFO - 偵測為 [Old Format]，解析出 3321 筆資料。
2026-02-16 20:52:54,067 - INFO - 成功寫入資料庫！
2026-02-16 20:52:57,156 - INFO - 檔案已移至 processed 資料夾
2026-02-16 20:53:04,902 - INFO - 使用檔名作為主提單號 (MAWB): AYLD25070808EX
2026-02-16 20:53:04,903 - INFO - 開始處理檔案: AYLD25070808EX.xlsx, MAWB: AYLD25070808EX
2026-02-16 20:53:19,640 - INFO - 偵測為 [Old Format]，解析出 3068 筆資料。
2026-02-16 20:53:19,798 - INFO - 成功寫入資料庫！
2026-02-16 20:53:24,478 - INFO - 檔案已移至 processed 資料夾
2026-02-16 20:53:31,791 - INFO - 使用檔名作為主提單號 (MAWB): AYLD25070809EX
2026-02-16 20:53:31,792 - INFO - 開始處理檔案: AYLD25070809EX.xlsx, MAWB: AYLD25070809EX
2026-02-16 20:53:43,508 - INFO - 偵測為 [Old Format]，解析出 3007 筆資料。
2026-02-16 20:53:43,674 - INFO - 成功寫入資料庫！
2026-02-16 20:53:46,527 - INFO - 檔案已移至 processed 資料夾
2026-02-16 20:53:55,950 - INFO - 使用檔名作為主提單號 (MAWB): AYLD25070901EX
2026-02-16 20:53:55,951 - INFO - 開始處理檔案: AYLD25070901EX.xlsx, MAWB: AYLD25070901EX
2026-02-16 20:54:08,382 - INFO - 偵測為 [Old Format]，解析出 2562 筆資料。
2026-02-16 20:54:08,514 - INFO - 成功寫入資料庫！
2026-02-16 20:54:10,176 - INFO - 檔案已移至 processed 資料夾
2026-02-16 20:54:19,688 - INFO - 使用檔名作為主提單號 (MAWB): AYLD25071202EX
2026-02-16 20:54:19,689 - INFO - 開始處理檔案: AYLD25071202EX.xlsx, MAWB: AYLD25071202EX
2026-02-16 20:54:33,153 - INFO - 偵測為 [Old Format]，解析出 2467 筆資料。
2026-02-16 20:54:33,356 - INFO - 成功寫入資料庫！
2026-02-16 20:54:36,697 - INFO - 檔案已移至 processed 資料夾
2026-02-16 20:54:42,785 - INFO - 使用檔名作為主提單號 (MAWB): AYLD25071208EX
2026-02-16 20:54:42,785 - INFO - 開始處理檔案: AYLD25071208EX.xlsx, MAWB: AYLD25071208EX
2026-02-16 20:54:51,790 - INFO - 偵測為 [Old Format]，解析出 2898 筆資料。
2026-02-16 20:54:51,976 - INFO - 成功寫入資料庫！
2026-02-16 20:54:54,970 - INFO - 檔案已移至 processed 資料夾
2026-02-16 20:55:05,323 - INFO - 使用檔名作為主提單號 (MAWB): AYLD25071212EX
2026-02-16 20:55:05,324 - INFO - 開始處理檔案: AYLD25071212EX.xlsx, MAWB: AYLD25071212EX
2026-02-16 20:55:16,333 - INFO - 偵測為 [Old Format]，解析出 1712 筆資料。
2026-02-16 20:55:16,495 - INFO - 成功寫入資料庫！
2026-02-16 20:55:19,055 - INFO - 檔案已移至 processed 資料夾
2026-02-16 20:55:26,365 - INFO - 使用檔名作為主提單號 (MAWB): AYLD25071404EX
2026-02-16 20:55:26,366 - INFO - 開始處理檔案: AYLD25071404EX.xlsx, MAWB: AYLD25071404EX
2026-02-16 20:55:37,455 - INFO - 偵測為 [Old Format]，解析出 1472 筆資料。
2026-02-16 20:55:37,549 - INFO - 成功寫入資料庫！
2026-02-16 20:55:42,333 - INFO - 檔案已移至 processed 資料夾
2026-02-16 20:55:54,073 - INFO - 使用檔名作為主提單號 (MAWB): AYLD25071407EX
2026-02-16 20:55:54,074 - INFO - 開始處理檔案: AYLD25071407EX.xlsx, MAWB: AYLD25071407EX
2026-02-16 20:56:11,296 - INFO - 偵測為 [Old Format]，解析出 2751 筆資料。
2026-02-16 20:56:11,445 - INFO - 成功寫入資料庫！
2026-02-16 20:56:14,134 - INFO - 檔案已移至 processed 資料夾
2026-02-16 20:56:19,994 - INFO - 使用檔名作為主提單號 (MAWB): AYLD25071410EX
2026-02-16 20:56:19,994 - INFO - 開始處理檔案: AYLD25071410EX.xlsx, MAWB: AYLD25071410EX
2026-02-16 20:56:28,542 - INFO - 偵測為 [Old Format]，解析出 2074 筆資料。
2026-02-16 20:56:28,659 - INFO - 成功寫入資料庫！
2026-02-16 20:56:31,691 - INFO - 檔案已移至 processed 資料夾
2026-02-16 20:56:40,956 - INFO - 使用檔名作為主提單號 (MAWB): AYLD25071908EX
2026-02-16 20:56:40,957 - INFO - 開始處理檔案: AYLD25071908EX.xlsx, MAWB: AYLD25071908EX
2026-02-16 20:56:51,739 - INFO - 偵測為 [Old Format]，解析出 1995 筆資料。
2026-02-16 20:56:51,865 - INFO - 成功寫入資料庫！
2026-02-16 20:56:54,854 - INFO - 檔案已移至 processed 資料夾
2026-02-16 20:57:06,437 - INFO - 使用檔名作為主提單號 (MAWB): AYLD25071914EX
2026-02-16 20:57:06,437 - INFO - 開始處理檔案: AYLD25071914EX.xlsx, MAWB: AYLD25071914EX
2026-02-16 20:57:26,225 - INFO - 偵測為 [Old Format]，解析出 3203 筆資料。
2026-02-16 20:57:26,398 - INFO - 成功寫入資料庫！
2026-02-16 20:57:31,318 - INFO - 檔案已移至 processed 資料夾
2026-02-16 20:57:42,139 - INFO - A1 欄位內容 '主提單號碼:' 不符合純英數格式 (可能是中文標題)，將忽略 A1。
2026-02-16 20:57:42,140 - INFO - 使用檔名作為主提單號 (MAWB): AYLD25091801EX
2026-02-16 20:57:42,141 - INFO - 開始處理檔案: AYLD25091801EX.xlsx, MAWB: AYLD25091801EX
2026-02-16 20:57:58,241 - INFO - 舊格式匹配失敗 (非舊格式特徵)，嘗試新格式...
2026-02-16 20:58:13,060 - INFO - 偵測為 [New Format]，解析出 10 筆資料。
2026-02-16 20:58:13,088 - INFO - 成功寫入資料庫！
2026-02-16 20:58:15,868 - INFO - 檔案已移至 processed 資料夾
2026-02-16 20:58:25,742 - INFO - A1 欄位內容 '主提單號碼:' 不符合純英數格式 (可能是中文標題)，將忽略 A1。
2026-02-16 20:58:25,743 - INFO - 使用檔名作為主提單號 (MAWB): AYLD25112202EX
2026-02-16 20:58:25,744 - INFO - 開始處理檔案: AYLD25112202EX.xlsx, MAWB: AYLD25112202EX
2026-02-16 20:58:44,839 - INFO - 舊格式匹配失敗 (非舊格式特徵)，嘗試新格式...
2026-02-16 20:59:01,190 - INFO - 偵測為 [New Format]，解析出 6955 筆資料。
2026-02-16 20:59:01,495 - INFO - 成功寫入資料庫！
2026-02-16 20:59:04,134 - INFO - 檔案已移至 processed 資料夾
2026-02-16 20:59:15,585 - INFO - A1 欄位內容 '主提單號碼:' 不符合純英數格式 (可能是中文標題)，將忽略 A1。
2026-02-16 20:59:15,587 - INFO - 使用檔名作為主提單號 (MAWB): AYLD25112402EX
2026-02-16 20:59:15,588 - INFO - 開始處理檔案: AYLD25112402EX.xlsx, MAWB: AYLD25112402EX
2026-02-16 20:59:34,241 - INFO - 舊格式匹配失敗 (非舊格式特徵)，嘗試新格式...
2026-02-16 20:59:52,385 - INFO - 偵測為 [New Format]，解析出 6081 筆資料。
2026-02-16 20:59:52,629 - INFO - 成功寫入資料庫！
2026-02-16 20:59:56,151 - INFO - 檔案已移至 processed 資料夾
2026-02-16 21:00:06,656 - INFO - A1 欄位內容 '主提單號碼:' 不符合純英數格式 (可能是中文標題)，將忽略 A1。
2026-02-16 21:00:06,657 - INFO - 使用檔名作為主提單號 (MAWB): HSK251117690
2026-02-16 21:00:06,659 - INFO - 開始處理檔案: HSK251117690.xlsx, MAWB: HSK251117690
2026-02-16 21:00:56,982 - INFO - 舊格式匹配失敗 (非舊格式特徵)，嘗試新格式...
2026-02-16 21:01:13,945 - INFO - 偵測為 [New Format]，解析出 6481 筆資料。
2026-02-16 21:01:14,181 - INFO - 成功寫入資料庫！
2026-02-16 21:01:50,812 - INFO - 檔案已移至 processed 資料夾
2026-02-16 21:02:04,861 - INFO - A1 欄位內容 '主提單號碼:' 不符合純英數格式 (可能是中文標題)，將忽略 A1。
2026-02-16 21:02:04,861 - INFO - 使用檔名作為主提單號 (MAWB): HSK251124670
2026-02-16 21:02:04,862 - INFO - 開始處理檔案: HSK251124670.xlsx, MAWB: HSK251124670
2026-02-16 21:02:45,191 - INFO - 舊格式匹配失敗 (非舊格式特徵)，嘗試新格式...
2026-02-16 21:03:08,511 - INFO - 偵測為 [New Format]，解析出 10638 筆資料。
2026-02-16 21:03:08,997 - INFO - 成功寫入資料庫！
2026-02-16 21:03:12,307 - INFO - 檔案已移至 processed 資料夾
2026-02-16 21:03:18,160 - INFO - 使用檔名作為主提單號 (MAWB): HSK251288021
2026-02-16 21:03:18,161 - INFO - 開始處理檔案: HSK251288021.xlsx, MAWB: HSK251288021
2026-02-16 21:03:36,245 - INFO - 偵測為 [Old Format]，解析出 1967 筆資料。
2026-02-16 21:03:36,380 - INFO - 成功寫入資料庫！
2026-02-16 21:03:41,490 - INFO - 檔案已移至 processed 資料夾
2026-02-16 21:03:51,069 - INFO - 使用檔名作為主提單號 (MAWB): HSK251288024
2026-02-16 21:03:51,069 - INFO - 開始處理檔案: HSK251288024.xlsx, MAWB: HSK251288024
2026-02-16 21:04:02,514 - INFO - 偵測為 [Old Format]，解析出 2680 筆資料。
2026-02-16 21:04:02,728 - INFO - 成功寫入資料庫！
2026-02-16 21:04:05,653 - INFO - 檔案已移至 processed 資料夾
2026-02-16 21:04:13,238 - INFO - 使用檔名作為主提單號 (MAWB): HSK251288027
2026-02-16 21:04:13,238 - INFO - 開始處理檔案: HSK251288027.xlsx, MAWB: HSK251288027
2026-02-16 21:04:27,950 - INFO - 偵測為 [Old Format]，解析出 2689 筆資料。
2026-02-16 21:04:28,127 - INFO - 成功寫入資料庫！
2026-02-16 21:04:32,291 - INFO - 檔案已移至 processed 資料夾
2026-02-16 21:04:40,430 - INFO - 使用檔名作為主提單號 (MAWB): HSK251288029
2026-02-16 21:04:40,431 - INFO - 開始處理檔案: HSK251288029.xlsx, MAWB: HSK251288029
2026-02-16 21:04:54,328 - INFO - 偵測為 [Old Format]，解析出 2910 筆資料。
2026-02-16 21:04:54,483 - INFO - 成功寫入資料庫！
2026-02-16 21:04:57,543 - INFO - 檔案已移至 processed 資料夾
2026-02-16 21:05:05,839 - INFO - 使用檔名作為主提單號 (MAWB): HSK251288030
2026-02-16 21:05:05,839 - INFO - 開始處理檔案: HSK251288030.xlsx, MAWB: HSK251288030
2026-02-16 21:05:17,759 - INFO - 偵測為 [Old Format]，解析出 1842 筆資料。
2026-02-16 21:05:17,879 - INFO - 成功寫入資料庫！
2026-02-16 21:05:37,115 - INFO - 檔案已移至 processed 資料夾
2026-02-16 21:05:46,789 - INFO - 使用檔名作為主提單號 (MAWB): HSK251288031
2026-02-16 21:05:46,790 - INFO - 開始處理檔案: HSK251288031.xlsx, MAWB: HSK251288031
2026-02-16 21:06:02,601 - INFO - 偵測為 [Old Format]，解析出 2672 筆資料。
2026-02-16 21:06:02,754 - INFO - 成功寫入資料庫！
2026-02-16 21:06:05,525 - INFO - 檔案已移至 processed 資料夾
2026-02-16 21:06:19,348 - INFO - 使用檔名作為主提單號 (MAWB): HSK251288033
2026-02-16 21:06:19,348 - INFO - 開始處理檔案: HSK251288033.xlsx, MAWB: HSK251288033
2026-02-16 21:06:50,734 - INFO - 偵測為 [Old Format]，解析出 2824 筆資料。
2026-02-16 21:06:50,898 - INFO - 成功寫入資料庫！
2026-02-16 21:06:53,749 - INFO - 檔案已移至 processed 資料夾
2026-02-16 21:06:59,590 - INFO - 使用檔名作為主提單號 (MAWB): HSK251288037
2026-02-16 21:06:59,590 - INFO - 開始處理檔案: HSK251288037.xlsx, MAWB: HSK251288037
2026-02-16 21:07:10,659 - INFO - 偵測為 [Old Format]，解析出 2574 筆資料。
2026-02-16 21:07:10,788 - INFO - 成功寫入資料庫！
2026-02-16 21:07:14,118 - INFO - 檔案已移至 processed 資料夾
2026-02-16 21:07:21,839 - INFO - 使用檔名作為主提單號 (MAWB): HSK251288039
2026-02-16 21:07:21,841 - INFO - 開始處理檔案: HSK251288039.xlsx, MAWB: HSK251288039
2026-02-16 21:07:30,163 - INFO - 偵測為 [Old Format]，解析出 1998 筆資料。
2026-02-16 21:07:30,305 - INFO - 成功寫入資料庫！
2026-02-16 21:07:33,368 - INFO - 檔案已移至 processed 資料夾
2026-02-16 21:07:44,808 - INFO - 使用檔名作為主提單號 (MAWB): HSK251288052
2026-02-16 21:07:44,809 - INFO - 開始處理檔案: HSK251288052.xlsx, MAWB: HSK251288052
2026-02-16 21:08:00,647 - INFO - 偵測為 [Old Format]，解析出 3404 筆資料。
2026-02-16 21:08:00,847 - INFO - 成功寫入資料庫！
2026-02-16 21:08:03,673 - INFO - 檔案已移至 processed 資料夾
2026-02-16 21:08:09,277 - INFO - 使用檔名作為主提單號 (MAWB): HSK251288053
2026-02-16 21:08:09,278 - INFO - 開始處理檔案: HSK251288053.xlsx, MAWB: HSK251288053
2026-02-16 21:08:20,562 - INFO - 偵測為 [Old Format]，解析出 2312 筆資料。
2026-02-16 21:08:20,697 - INFO - 成功寫入資料庫！
2026-02-16 21:08:31,952 - INFO - 檔案已移至 processed 資料夾
2026-02-16 21:08:39,564 - INFO - 使用檔名作為主提單號 (MAWB): HSK251288058
2026-02-16 21:08:39,565 - INFO - 開始處理檔案: HSK251288058.xlsx, MAWB: HSK251288058
2026-02-16 21:08:51,597 - INFO - 偵測為 [Old Format]，解析出 2474 筆資料。
2026-02-16 21:08:51,770 - INFO - 成功寫入資料庫！
2026-02-16 21:08:53,996 - INFO - 檔案已移至 processed 資料夾
2026-02-16 21:09:05,616 - INFO - 使用檔名作為主提單號 (MAWB): HSK251288059
2026-02-16 21:09:05,617 - INFO - 開始處理檔案: HSK251288059.xlsx, MAWB: HSK251288059
2026-02-16 21:09:18,350 - INFO - 偵測為 [Old Format]，解析出 2825 筆資料。
2026-02-16 21:09:18,500 - INFO - 成功寫入資料庫！
2026-02-16 21:09:21,132 - INFO - 檔案已移至 processed 資料夾
2026-02-16 21:09:31,269 - INFO - 使用檔名作為主提單號 (MAWB): HSK251288060
2026-02-16 21:09:31,269 - INFO - 開始處理檔案: HSK251288060.xlsx, MAWB: HSK251288060
2026-02-16 21:09:44,160 - INFO - 偵測為 [Old Format]，解析出 1790 筆資料。
2026-02-16 21:09:44,269 - INFO - 成功寫入資料庫！
2026-02-16 21:09:46,332 - INFO - 檔案已移至 processed 資料夾
2026-02-16 21:09:53,623 - INFO - 使用檔名作為主提單號 (MAWB): HSK251288062
2026-02-16 21:09:53,624 - INFO - 開始處理檔案: HSK251288062.xlsx, MAWB: HSK251288062
2026-02-16 21:10:05,947 - INFO - 偵測為 [Old Format]，解析出 2081 筆資料。
2026-02-16 21:10:06,068 - INFO - 成功寫入資料庫！
2026-02-16 21:10:08,432 - INFO - 檔案已移至 processed 資料夾
2026-02-16 21:10:15,635 - INFO - 使用檔名作為主提單號 (MAWB): HSK251288066
2026-02-16 21:10:15,635 - INFO - 開始處理檔案: HSK251288066.xlsx, MAWB: HSK251288066
2026-02-16 21:10:35,084 - INFO - 偵測為 [Old Format]，解析出 2532 筆資料。
2026-02-16 21:10:35,231 - INFO - 成功寫入資料庫！
2026-02-16 21:10:38,734 - INFO - 檔案已移至 processed 資料夾
2026-02-16 21:10:49,603 - INFO - 使用檔名作為主提單號 (MAWB): HSK251288067
2026-02-16 21:10:49,603 - INFO - 開始處理檔案: HSK251288067.xlsx, MAWB: HSK251288067
2026-02-16 21:11:03,592 - INFO - 偵測為 [Old Format]，解析出 2620 筆資料。
2026-02-16 21:11:03,735 - INFO - 成功寫入資料庫！
2026-02-16 21:11:06,650 - INFO - 檔案已移至 processed 資料夾
2026-02-16 21:11:15,933 - INFO - 使用檔名作為主提單號 (MAWB): HSK251288069
2026-02-16 21:11:15,934 - INFO - 開始處理檔案: HSK251288069.xlsx, MAWB: HSK251288069
2026-02-16 21:11:29,449 - INFO - 偵測為 [Old Format]，解析出 1935 筆資料。
2026-02-16 21:11:29,558 - INFO - 成功寫入資料庫！
2026-02-16 21:11:32,677 - INFO - 檔案已移至 processed 資料夾
2026-02-16 21:11:39,394 - INFO - 使用檔名作為主提單號 (MAWB): HSK251288085
2026-02-16 21:11:39,395 - INFO - 開始處理檔案: HSK251288085.xlsx, MAWB: HSK251288085
2026-02-16 21:11:49,445 - INFO - 偵測為 [Old Format]，解析出 1990 筆資料。
2026-02-16 21:11:49,552 - INFO - 成功寫入資料庫！
2026-02-16 21:11:52,106 - INFO - 檔案已移至 processed 資料夾
2026-02-16 21:11:58,407 - INFO - 使用檔名作為主提單號 (MAWB): HSK251288097
2026-02-16 21:11:58,407 - INFO - 開始處理檔案: HSK251288097.xlsx, MAWB: HSK251288097
2026-02-16 21:12:08,353 - INFO - 偵測為 [Old Format]，解析出 2040 筆資料。
2026-02-16 21:12:08,472 - INFO - 成功寫入資料庫！
2026-02-16 21:12:10,950 - INFO - 檔案已移至 processed 資料夾
2026-02-16 21:12:20,083 - INFO - 使用檔名作為主提單號 (MAWB): HSK251288104
2026-02-16 21:12:20,084 - INFO - 開始處理檔案: HSK251288104.xlsx, MAWB: HSK251288104
2026-02-16 21:12:32,816 - INFO - 偵測為 [Old Format]，解析出 2122 筆資料。
2026-02-16 21:12:32,936 - INFO - 成功寫入資料庫！
2026-02-16 21:12:36,425 - INFO - 檔案已移至 processed 資料夾
2026-02-16 21:12:57,114 - INFO - 使用檔名作為主提單號 (MAWB): HSK251288108
2026-02-16 21:12:57,121 - INFO - 開始處理檔案: HSK251288108.xlsx, MAWB: HSK251288108
2026-02-16 21:13:14,604 - INFO - 偵測為 [Old Format]，解析出 2443 筆資料。
2026-02-16 21:13:14,746 - INFO - 成功寫入資料庫！
2026-02-16 21:13:17,363 - INFO - 檔案已移至 processed 資料夾
2026-02-16 21:13:25,828 - INFO - 使用檔名作為主提單號 (MAWB): HSK25128811
2026-02-16 21:13:25,829 - INFO - 開始處理檔案: HSK25128811.xlsx, MAWB: HSK25128811
2026-02-16 21:13:35,597 - INFO - 偵測為 [Old Format]，解析出 1756 筆資料。
2026-02-16 21:13:35,694 - INFO - 成功寫入資料庫！
2026-02-16 21:13:38,843 - INFO - 檔案已移至 processed 資料夾
2026-02-16 21:13:50,236 - INFO - 使用檔名作為主提單號 (MAWB): HSK251288110
2026-02-16 21:13:50,237 - INFO - 開始處理檔案: HSK251288110.xlsx, MAWB: HSK251288110
2026-02-16 21:14:06,047 - INFO - 偵測為 [Old Format]，解析出 2288 筆資料。
2026-02-16 21:14:06,176 - INFO - 成功寫入資料庫！
2026-02-16 21:14:09,028 - INFO - 檔案已移至 processed 資料夾
2026-02-16 21:14:20,849 - INFO - 使用檔名作為主提單號 (MAWB): HSK251288126
2026-02-16 21:14:20,850 - INFO - 開始處理檔案: HSK251288126.xlsx, MAWB: HSK251288126
2026-02-16 21:14:35,401 - INFO - 偵測為 [Old Format]，解析出 2200 筆資料。
2026-02-16 21:14:35,537 - INFO - 成功寫入資料庫！
2026-02-16 21:14:38,723 - INFO - 檔案已移至 processed 資料夾
2026-02-16 21:14:48,832 - INFO - 使用檔名作為主提單號 (MAWB): HSK251288128
2026-02-16 21:14:48,832 - INFO - 開始處理檔案: HSK251288128.xlsx, MAWB: HSK251288128
2026-02-16 21:15:03,822 - INFO - 偵測為 [Old Format]，解析出 2448 筆資料。
2026-02-16 21:15:03,954 - INFO - 成功寫入資料庫！
2026-02-16 21:15:06,903 - INFO - 檔案已移至 processed 資料夾
2026-02-16 21:15:15,274 - INFO - 使用檔名作為主提單號 (MAWB): HSK251288133
2026-02-16 21:15:15,274 - INFO - 開始處理檔案: HSK251288133.xlsx, MAWB: HSK251288133
2026-02-16 21:15:48,038 - INFO - 偵測為 [Old Format]，解析出 2216 筆資料。
2026-02-16 21:15:48,182 - INFO - 成功寫入資料庫！
2026-02-16 21:15:51,490 - INFO - 檔案已移至 processed 資料夾
2026-02-16 21:15:56,866 - INFO - 使用檔名作為主提單號 (MAWB): HSK251288136
2026-02-16 21:15:56,866 - INFO - 開始處理檔案: HSK251288136.xlsx, MAWB: HSK251288136
2026-02-16 21:16:06,104 - INFO - 偵測為 [Old Format]，解析出 2234 筆資料。
2026-02-16 21:16:06,237 - INFO - 成功寫入資料庫！
2026-02-16 21:16:09,114 - INFO - 檔案已移至 processed 資料夾
2026-02-16 21:16:16,592 - INFO - 使用檔名作為主提單號 (MAWB): HSK251288140
2026-02-16 21:16:16,593 - INFO - 開始處理檔案: HSK251288140.xlsx, MAWB: HSK251288140
2026-02-16 21:16:42,938 - INFO - 偵測為 [Old Format]，解析出 1878 筆資料。
2026-02-16 21:16:43,057 - INFO - 成功寫入資料庫！
2026-02-16 21:16:46,351 - INFO - 檔案已移至 processed 資料夾
2026-02-16 21:16:56,316 - INFO - A1 欄位內容 '主提單號碼:' 不符合純英數格式 (可能是中文標題)，將忽略 A1。
2026-02-16 21:16:56,317 - INFO - 使用檔名作為主提單號 (MAWB): HSK260189002
2026-02-16 21:16:56,317 - INFO - 開始處理檔案: HSK260189002.xlsx, MAWB: HSK260189002
2026-02-16 21:17:09,054 - INFO - 舊格式匹配失敗 (非舊格式特徵)，嘗試新格式...
2026-02-16 21:17:22,319 - INFO - 偵測為 [New Format]，解析出 338 筆資料。
2026-02-16 21:17:22,355 - INFO - 成功寫入資料庫！
2026-02-16 21:17:27,507 - INFO - 檔案已移至 processed 資料夾
2026-02-16 21:17:36,545 - INFO - 使用檔名作為主提單號 (MAWB): HYB1728021
2026-02-16 21:17:36,546 - INFO - 開始處理檔案: HYB1728021.xlsx, MAWB: HYB1728021
2026-02-16 21:17:51,193 - INFO - 偵測為 [Old Format]，解析出 1979 筆資料。
2026-02-16 21:17:51,311 - INFO - 成功寫入資料庫！
2026-02-16 21:17:53,615 - INFO - 檔案已移至 processed 資料夾
2026-02-16 21:18:04,683 - INFO - A1 欄位內容 '主提單號碼:' 不符合純英數格式 (可能是中文標題)，將忽略 A1。
2026-02-16 21:18:04,684 - INFO - 使用檔名作為主提單號 (MAWB): IPC250107423EX
2026-02-16 21:18:04,684 - INFO - 開始處理檔案: IPC250107423EX.xlsx, MAWB: IPC250107423EX
2026-02-16 21:18:18,481 - INFO - 舊格式匹配失敗 (非舊格式特徵)，嘗試新格式...
2026-02-16 21:18:32,415 - INFO - 偵測為 [New Format]，解析出 5638 筆資料。
2026-02-16 21:18:32,631 - INFO - 成功寫入資料庫！
2026-02-16 21:18:36,765 - INFO - 檔案已移至 processed 資料夾
2026-02-16 21:18:48,067 - INFO - A1 欄位內容 '主提單號碼:' 不符合純英數格式 (可能是中文標題)，將忽略 A1。
2026-02-16 21:18:48,068 - INFO - 使用檔名作為主提單號 (MAWB): IPC250108406EX
2026-02-16 21:18:48,069 - INFO - 開始處理檔案: IPC250108406EX.xlsx, MAWB: IPC250108406EX
2026-02-16 21:19:06,136 - INFO - 舊格式匹配失敗 (非舊格式特徵)，嘗試新格式...
2026-02-16 21:19:22,440 - INFO - 偵測為 [New Format]，解析出 6729 筆資料。
2026-02-16 21:19:22,713 - INFO - 成功寫入資料庫！
2026-02-16 21:19:26,671 - INFO - 檔案已移至 processed 資料夾
2026-02-16 21:19:36,537 - INFO - A1 欄位內容 '主提單號碼:' 不符合純英數格式 (可能是中文標題)，將忽略 A1。
2026-02-16 21:19:36,539 - INFO - 使用檔名作為主提單號 (MAWB): IPC250109411EX
2026-02-16 21:19:36,540 - INFO - 開始處理檔案: IPC250109411EX.xlsx, MAWB: IPC250109411EX
2026-02-16 21:19:50,584 - INFO - 舊格式匹配失敗 (非舊格式特徵)，嘗試新格式...
2026-02-16 21:20:05,300 - INFO - 偵測為 [New Format]，解析出 6199 筆資料。
2026-02-16 21:20:05,580 - INFO - 成功寫入資料庫！
2026-02-16 21:20:08,548 - INFO - 檔案已移至 processed 資料夾
2026-02-16 21:20:15,009 - INFO - 使用檔名作為主提單號 (MAWB): IPC250113409EX
2026-02-16 21:20:15,009 - INFO - 開始處理檔案: IPC250113409EX.xlsx, MAWB: IPC250113409EX
2026-02-16 21:20:28,180 - INFO - 偵測為 [Old Format]，解析出 1491 筆資料。
2026-02-16 21:20:28,255 - INFO - 成功寫入資料庫！
2026-02-16 21:20:31,277 - INFO - 檔案已移至 processed 資料夾
2026-02-16 21:20:39,945 - INFO - 使用檔名作為主提單號 (MAWB): IPC250113410EX
2026-02-16 21:20:39,946 - INFO - 開始處理檔案: IPC250113410EX.xlsx, MAWB: IPC250113410EX
2026-02-16 21:20:51,084 - INFO - 偵測為 [Old Format]，解析出 1538 筆資料。
2026-02-16 21:20:51,189 - INFO - 成功寫入資料庫！
2026-02-16 21:20:53,865 - INFO - 檔案已移至 processed 資料夾
2026-02-16 21:20:59,877 - INFO - 使用檔名作為主提單號 (MAWB): IPC250113413EX
2026-02-16 21:20:59,878 - INFO - 開始處理檔案: IPC250113413EX.xlsx, MAWB: IPC250113413EX
2026-02-16 21:21:07,939 - INFO - 偵測為 [Old Format]，解析出 1440 筆資料。
2026-02-16 21:21:08,091 - INFO - 成功寫入資料庫！
2026-02-16 21:21:10,299 - INFO - 檔案已移至 processed 資料夾
2026-02-16 21:21:21,603 - INFO - A1 欄位內容 '主提單號碼:' 不符合純英數格式 (可能是中文標題)，將忽略 A1。
2026-02-16 21:21:21,604 - INFO - 使用檔名作為主提單號 (MAWB): IPC250115813EX
2026-02-16 21:21:21,604 - INFO - 開始處理檔案: IPC250115813EX.xlsx, MAWB: IPC250115813EX
2026-02-16 21:21:36,268 - INFO - 舊格式匹配失敗 (非舊格式特徵)，嘗試新格式...
2026-02-16 21:21:50,847 - INFO - 偵測為 [New Format]，解析出 5855 筆資料。
2026-02-16 21:21:51,149 - INFO - 成功寫入資料庫！
2026-02-16 21:21:54,500 - INFO - 檔案已移至 processed 資料夾
2026-02-16 21:22:00,060 - INFO - 使用檔名作為主提單號 (MAWB): IPC250210406EX
2026-02-16 21:22:00,061 - INFO - 開始處理檔案: IPC250210406EX.xlsx, MAWB: IPC250210406EX
2026-02-16 21:22:10,751 - INFO - 偵測為 [Old Format]，解析出 1922 筆資料。
2026-02-16 21:22:10,866 - INFO - 成功寫入資料庫！
2026-02-16 21:22:13,090 - INFO - 檔案已移至 processed 資料夾
2026-02-16 21:22:23,387 - INFO - 使用檔名作為主提單號 (MAWB): IPC250212723EX
2026-02-16 21:22:23,387 - INFO - 開始處理檔案: IPC250212723EX.xlsx, MAWB: IPC250212723EX
2026-02-16 21:22:39,515 - INFO - 偵測為 [Old Format]，解析出 1966 筆資料。
2026-02-16 21:22:39,627 - INFO - 成功寫入資料庫！
2026-02-16 21:22:42,814 - INFO - 檔案已移至 processed 資料夾
2026-02-16 21:22:51,230 - INFO - 使用檔名作為主提單號 (MAWB): IPC250212727EX
2026-02-16 21:22:51,231 - INFO - 開始處理檔案: IPC250212727EX.xlsx, MAWB: IPC250212727EX
2026-02-16 21:23:01,663 - INFO - 偵測為 [Old Format]，解析出 1672 筆資料。
2026-02-16 21:23:01,767 - INFO - 成功寫入資料庫！
2026-02-16 21:23:04,279 - INFO - 檔案已移至 processed 資料夾
2026-02-16 21:23:10,001 - INFO - 使用檔名作為主提單號 (MAWB): IPC250213404EX
2026-02-16 21:23:10,002 - INFO - 開始處理檔案: IPC250213404EX.xlsx, MAWB: IPC250213404EX
2026-02-16 21:23:18,387 - INFO - 偵測為 [Old Format]，解析出 1657 筆資料。
2026-02-16 21:23:18,475 - INFO - 成功寫入資料庫！
2026-02-16 21:23:21,524 - INFO - 檔案已移至 processed 資料夾
2026-02-16 21:23:28,652 - INFO - 使用檔名作為主提單號 (MAWB): IPC250215406EX
2026-02-16 21:23:28,652 - INFO - 開始處理檔案: IPC250215406EX.xlsx, MAWB: IPC250215406EX
2026-02-16 21:23:38,482 - INFO - 偵測為 [Old Format]，解析出 2436 筆資料。
2026-02-16 21:23:38,618 - INFO - 成功寫入資料庫！
2026-02-16 21:23:40,808 - INFO - 檔案已移至 processed 資料夾
2026-02-16 21:23:53,744 - INFO - A1 欄位內容 '主提單號碼:' 不符合純英數格式 (可能是中文標題)，將忽略 A1。
2026-02-16 21:23:53,745 - INFO - 使用檔名作為主提單號 (MAWB): IPC250215415EX
2026-02-16 21:23:53,745 - INFO - 開始處理檔案: IPC250215415EX.xlsx, MAWB: IPC250215415EX
2026-02-16 21:24:17,414 - INFO - 舊格式匹配失敗 (非舊格式特徵)，嘗試新格式...
2026-02-16 21:24:37,444 - INFO - 偵測為 [New Format]，解析出 5924 筆資料。
2026-02-16 21:24:37,735 - INFO - 成功寫入資料庫！
2026-02-16 21:24:41,842 - INFO - 檔案已移至 processed 資料夾
2026-02-16 21:24:50,443 - INFO - 使用檔名作為主提單號 (MAWB): IPC250217404EX
2026-02-16 21:24:50,444 - INFO - 開始處理檔案: IPC250217404EX.xlsx, MAWB: IPC250217404EX
2026-02-16 21:25:03,311 - INFO - 偵測為 [Old Format]，解析出 2059 筆資料。
2026-02-16 21:25:03,415 - INFO - 成功寫入資料庫！
2026-02-16 21:25:05,493 - INFO - 檔案已移至 processed 資料夾
2026-02-16 21:25:10,968 - INFO - 使用檔名作為主提單號 (MAWB): IPC250217732EX
2026-02-16 21:25:10,969 - INFO - 開始處理檔案: IPC250217732EX.xlsx, MAWB: IPC250217732EX
2026-02-16 21:25:21,114 - INFO - 偵測為 [Old Format]，解析出 1985 筆資料。
2026-02-16 21:25:21,219 - INFO - 成功寫入資料庫！
2026-02-16 21:25:25,252 - INFO - 檔案已移至 processed 資料夾
2026-02-16 21:25:32,453 - INFO - 使用檔名作為主提單號 (MAWB): IPC250217733EX
2026-02-16 21:25:32,454 - INFO - 開始處理檔案: IPC250217733EX.xlsx, MAWB: IPC250217733EX
2026-02-16 21:25:43,586 - INFO - 偵測為 [Old Format]，解析出 2445 筆資料。
2026-02-16 21:25:43,732 - INFO - 成功寫入資料庫！
2026-02-16 21:25:46,411 - INFO - 檔案已移至 processed 資料夾
2026-02-16 21:25:52,539 - INFO - 使用檔名作為主提單號 (MAWB): IPC250218407EX
2026-02-16 21:25:52,539 - INFO - 開始處理檔案: IPC250218407EX.xlsx, MAWB: IPC250218407EX
2026-02-16 21:26:01,626 - INFO - 偵測為 [Old Format]，解析出 2227 筆資料。
2026-02-16 21:26:01,745 - INFO - 成功寫入資料庫！
2026-02-16 21:26:04,285 - INFO - 檔案已移至 processed 資料夾
2026-02-16 21:26:13,688 - INFO - 使用檔名作為主提單號 (MAWB): IPC250218411EX
2026-02-16 21:26:13,688 - INFO - 開始處理檔案: IPC250218411EX.xlsx, MAWB: IPC250218411EX
2026-02-16 21:26:26,637 - INFO - 偵測為 [Old Format]，解析出 2092 筆資料。
2026-02-16 21:26:26,762 - INFO - 成功寫入資料庫！
2026-02-16 21:26:30,318 - INFO - 檔案已移至 processed 資料夾
2026-02-16 21:26:36,676 - INFO - 使用檔名作為主提單號 (MAWB): IPC250219722EX
2026-02-16 21:26:36,677 - INFO - 開始處理檔案: IPC250219722EX.xlsx, MAWB: IPC250219722EX
2026-02-16 21:26:45,543 - INFO - 偵測為 [Old Format]，解析出 2228 筆資料。
2026-02-16 21:26:45,673 - INFO - 成功寫入資料庫！
2026-02-16 21:26:47,799 - INFO - 檔案已移至 processed 資料夾
2026-02-16 21:26:54,338 - INFO - 使用檔名作為主提單號 (MAWB): IPC250220406EX
2026-02-16 21:26:54,339 - INFO - 開始處理檔案: IPC250220406EX.xlsx, MAWB: IPC250220406EX
2026-02-16 21:27:03,519 - INFO - 偵測為 [Old Format]，解析出 2142 筆資料。
2026-02-16 21:27:03,648 - INFO - 成功寫入資料庫！
2026-02-16 21:27:06,663 - INFO - 檔案已移至 processed 資料夾
2026-02-16 21:27:15,822 - INFO - 使用檔名作為主提單號 (MAWB): IPC250220408EX
2026-02-16 21:27:15,823 - INFO - 開始處理檔案: IPC250220408EX.xlsx, MAWB: IPC250220408EX
2026-02-16 21:27:30,012 - INFO - 偵測為 [Old Format]，解析出 2450 筆資料。
2026-02-16 21:27:30,143 - INFO - 成功寫入資料庫！
2026-02-16 21:27:35,397 - INFO - 檔案已移至 processed 資料夾
2026-02-16 21:27:49,034 - INFO - 使用檔名作為主提單號 (MAWB): IPC250222406EX
2026-02-16 21:27:49,035 - INFO - 開始處理檔案: IPC250222406EX.xlsx, MAWB: IPC250222406EX
2026-02-16 21:28:06,813 - INFO - 偵測為 [Old Format]，解析出 2032 筆資料。
2026-02-16 21:28:06,933 - INFO - 成功寫入資料庫！
2026-02-16 21:28:09,733 - INFO - 檔案已移至 processed 資料夾
2026-02-16 21:28:14,956 - INFO - 使用檔名作為主提單號 (MAWB): IPC250222409EX
2026-02-16 21:28:14,957 - INFO - 開始處理檔案: IPC250222409EX.xlsx, MAWB: IPC250222409EX
2026-02-16 21:28:24,196 - INFO - 偵測為 [Old Format]，解析出 2279 筆資料。
2026-02-16 21:28:24,314 - INFO - 成功寫入資料庫！
2026-02-16 21:28:28,838 - INFO - 檔案已移至 processed 資料夾
2026-02-16 21:28:34,271 - INFO - 使用檔名作為主提單號 (MAWB): IPC250224407EX
2026-02-16 21:28:34,272 - INFO - 開始處理檔案: IPC250224407EX.xlsx, MAWB: IPC250224407EX
2026-02-16 21:28:43,743 - INFO - 偵測為 [Old Format]，解析出 2206 筆資料。
2026-02-16 21:28:43,869 - INFO - 成功寫入資料庫！
2026-02-16 21:28:46,563 - INFO - 檔案已移至 processed 資料夾
2026-02-16 21:28:54,841 - INFO - 使用檔名作為主提單號 (MAWB): IPC250224409EX
2026-02-16 21:28:54,842 - INFO - 開始處理檔案: IPC250224409EX.xlsx, MAWB: IPC250224409EX
2026-02-16 21:29:08,384 - INFO - 偵測為 [Old Format]，解析出 2016 筆資料。
2026-02-16 21:29:08,502 - INFO - 成功寫入資料庫！
2026-02-16 21:29:12,566 - INFO - 檔案已移至 processed 資料夾
2026-02-16 21:29:18,110 - INFO - 使用檔名作為主提單號 (MAWB): IPC250224411EX
2026-02-16 21:29:18,111 - INFO - 開始處理檔案: IPC250224411EX.xlsx, MAWB: IPC250224411EX
2026-02-16 21:29:27,720 - INFO - 偵測為 [Old Format]，解析出 2032 筆資料。
2026-02-16 21:29:27,834 - INFO - 成功寫入資料庫！
2026-02-16 21:29:31,261 - INFO - 檔案已移至 processed 資料夾
2026-02-16 21:29:39,893 - INFO - 使用檔名作為主提單號 (MAWB): IPC250225720EX
2026-02-16 21:29:39,894 - INFO - 開始處理檔案: IPC250225720EX.xlsx, MAWB: IPC250225720EX
2026-02-16 21:29:51,353 - INFO - 偵測為 [Old Format]，解析出 2026 筆資料。
2026-02-16 21:29:51,456 - INFO - 成功寫入資料庫！
2026-02-16 21:29:54,145 - INFO - 檔案已移至 processed 資料夾
2026-02-16 21:30:04,802 - INFO - 使用檔名作為主提單號 (MAWB): IPC250225722EX
2026-02-16 21:30:04,802 - INFO - 開始處理檔案: IPC250225722EX.xlsx, MAWB: IPC250225722EX
2026-02-16 21:30:17,767 - INFO - 偵測為 [Old Format]，解析出 2131 筆資料。
2026-02-16 21:30:17,901 - INFO - 成功寫入資料庫！
2026-02-16 21:30:37,576 - INFO - 檔案已移至 processed 資料夾
2026-02-16 21:30:46,641 - INFO - 使用檔名作為主提單號 (MAWB): IPC250226722EX
2026-02-16 21:30:46,641 - INFO - 開始處理檔案: IPC250226722EX.xlsx, MAWB: IPC250226722EX
2026-02-16 21:30:58,546 - INFO - 偵測為 [Old Format]，解析出 2051 筆資料。
2026-02-16 21:30:58,668 - INFO - 成功寫入資料庫！
2026-02-16 21:31:01,313 - INFO - 檔案已移至 processed 資料夾
2026-02-16 21:31:11,297 - INFO - 使用檔名作為主提單號 (MAWB): IPC250301422EX
2026-02-16 21:31:11,297 - INFO - 開始處理檔案: IPC250301422EX.xlsx, MAWB: IPC250301422EX
2026-02-16 21:31:27,456 - INFO - 偵測為 [Old Format]，解析出 1738 筆資料。
2026-02-16 21:31:27,552 - INFO - 成功寫入資料庫！
2026-02-16 21:31:31,487 - INFO - 檔案已移至 processed 資料夾
2026-02-16 21:31:42,149 - INFO - 使用檔名作為主提單號 (MAWB): IPC250303411EX
2026-02-16 21:31:42,150 - INFO - 開始處理檔案: IPC250303411EX.xlsx, MAWB: IPC250303411EX
2026-02-16 21:31:57,171 - INFO - 偵測為 [Old Format]，解析出 2118 筆資料。
2026-02-16 21:31:57,296 - INFO - 成功寫入資料庫！
2026-02-16 21:31:59,905 - INFO - 檔案已移至 processed 資料夾
2026-02-16 21:32:07,277 - INFO - 使用檔名作為主提單號 (MAWB): IPC250303412EX
2026-02-16 21:32:07,277 - INFO - 開始處理檔案: IPC250303412EX.xlsx, MAWB: IPC250303412EX
2026-02-16 21:32:19,788 - INFO - 偵測為 [Old Format]，解析出 2673 筆資料。
2026-02-16 21:32:19,908 - INFO - 成功寫入資料庫！
2026-02-16 21:32:23,044 - INFO - 檔案已移至 processed 資料夾
2026-02-16 21:32:31,859 - INFO - 使用檔名作為主提單號 (MAWB): IPC250304722EX
2026-02-16 21:32:31,859 - INFO - 開始處理檔案: IPC250304722EX.xlsx, MAWB: IPC250304722EX
2026-02-16 21:32:46,114 - INFO - 偵測為 [Old Format]，解析出 2410 筆資料。
2026-02-16 21:32:46,243 - INFO - 成功寫入資料庫！
2026-02-16 21:32:48,821 - INFO - 檔案已移至 processed 資料夾
2026-02-16 21:32:56,851 - INFO - 使用檔名作為主提單號 (MAWB): IPC250305723EX
2026-02-16 21:32:56,852 - INFO - 開始處理檔案: IPC250305723EX.xlsx, MAWB: IPC250305723EX
2026-02-16 21:33:07,768 - INFO - 偵測為 [Old Format]，解析出 2318 筆資料。
2026-02-16 21:33:07,889 - INFO - 成功寫入資料庫！
2026-02-16 21:33:09,819 - INFO - 檔案已移至 processed 資料夾
2026-02-16 21:33:18,000 - INFO - 使用檔名作為主提單號 (MAWB): IPC250306411EX
2026-02-16 21:33:18,001 - INFO - 開始處理檔案: IPC250306411EX.xlsx, MAWB: IPC250306411EX
2026-02-16 21:33:29,098 - INFO - 偵測為 [Old Format]，解析出 2091 筆資料。
2026-02-16 21:33:29,201 - INFO - 成功寫入資料庫！
2026-02-16 21:33:32,318 - INFO - 檔案已移至 processed 資料夾
2026-02-16 21:33:38,368 - INFO - 使用檔名作為主提單號 (MAWB): IPC250308420EX
2026-02-16 21:33:38,369 - INFO - 開始處理檔案: IPC250308420EX.xlsx, MAWB: IPC250308420EX
2026-02-16 21:33:46,902 - INFO - 偵測為 [Old Format]，解析出 2202 筆資料。
2026-02-16 21:33:47,020 - INFO - 成功寫入資料庫！
2026-02-16 21:33:50,085 - INFO - 檔案已移至 processed 資料夾
2026-02-16 21:34:02,198 - INFO - 使用檔名作為主提單號 (MAWB): IPC250308424EX
2026-02-16 21:34:02,199 - INFO - 開始處理檔案: IPC250308424EX.xlsx, MAWB: IPC250308424EX
2026-02-16 21:34:16,778 - INFO - 偵測為 [Old Format]，解析出 2319 筆資料。
2026-02-16 21:34:16,910 - INFO - 成功寫入資料庫！
2026-02-16 21:34:19,329 - INFO - 檔案已移至 processed 資料夾
2026-02-16 21:34:24,851 - INFO - 使用檔名作為主提單號 (MAWB): IPC250308426EX
2026-02-16 21:34:24,852 - INFO - 開始處理檔案: IPC250308426EX.xlsx, MAWB: IPC250308426EX
2026-02-16 21:34:34,470 - INFO - 偵測為 [Old Format]，解析出 2237 筆資料。
2026-02-16 21:34:34,593 - INFO - 成功寫入資料庫！
2026-02-16 21:34:38,130 - INFO - 檔案已移至 processed 資料夾
2026-02-16 21:34:43,697 - INFO - 使用檔名作為主提單號 (MAWB): IPC250310407EX
2026-02-16 21:34:43,697 - INFO - 開始處理檔案: IPC250310407EX.xlsx, MAWB: IPC250310407EX
2026-02-16 21:34:53,058 - INFO - 偵測為 [Old Format]，解析出 2106 筆資料。
2026-02-16 21:34:53,176 - INFO - 成功寫入資料庫！
2026-02-16 21:34:55,843 - INFO - 檔案已移至 processed 資料夾
2026-02-16 21:35:02,071 - INFO - 使用檔名作為主提單號 (MAWB): IPC250311734EX
2026-02-16 21:35:02,072 - INFO - 開始處理檔案: IPC250311734EX.xlsx, MAWB: IPC250311734EX
2026-02-16 21:35:10,793 - INFO - 偵測為 [Old Format]，解析出 1 筆資料。
2026-02-16 21:35:10,814 - INFO - 成功寫入資料庫！
2026-02-16 21:35:12,335 - INFO - 檔案已移至 processed 資料夾
2026-02-16 21:35:17,909 - INFO - 使用檔名作為主提單號 (MAWB): IPC250312726EX
2026-02-16 21:35:17,909 - INFO - 開始處理檔案: IPC250312726EX.xlsx, MAWB: IPC250312726EX
2026-02-16 21:35:28,258 - INFO - 偵測為 [Old Format]，解析出 2554 筆資料。
2026-02-16 21:35:28,383 - INFO - 成功寫入資料庫！
2026-02-16 21:35:31,269 - INFO - 檔案已移至 processed 資料夾
2026-02-16 21:35:38,312 - INFO - 使用檔名作為主提單號 (MAWB): IPC250315404EX
2026-02-16 21:35:38,313 - INFO - 開始處理檔案: IPC250315404EX.xlsx, MAWB: IPC250315404EX
2026-02-16 21:35:47,659 - INFO - 偵測為 [Old Format]，解析出 2027 筆資料。
2026-02-16 21:35:47,778 - INFO - 成功寫入資料庫！
2026-02-16 21:35:50,708 - INFO - 檔案已移至 processed 資料夾
2026-02-16 21:35:56,746 - INFO - 使用檔名作為主提單號 (MAWB): IPC250315405EX
2026-02-16 21:35:56,746 - INFO - 開始處理檔案: IPC250315405EX.xlsx, MAWB: IPC250315405EX
2026-02-16 21:36:06,037 - INFO - 偵測為 [Old Format]，解析出 2375 筆資料。
2026-02-16 21:36:06,161 - INFO - 成功寫入資料庫！
2026-02-16 21:36:08,676 - INFO - 檔案已移至 processed 資料夾
2026-02-16 21:36:17,905 - INFO - 使用檔名作為主提單號 (MAWB): IPC250315409EX
2026-02-16 21:36:17,906 - INFO - 開始處理檔案: IPC250315409EX.xlsx, MAWB: IPC250315409EX
2026-02-16 21:36:31,650 - INFO - 偵測為 [Old Format]，解析出 2464 筆資料。
2026-02-16 21:36:31,782 - INFO - 成功寫入資料庫！
2026-02-16 21:36:35,192 - INFO - 檔案已移至 processed 資料夾
2026-02-16 21:36:46,399 - INFO - 使用檔名作為主提單號 (MAWB): IPC250317414EX
2026-02-16 21:36:46,400 - INFO - 開始處理檔案: IPC250317414EX.xlsx, MAWB: IPC250317414EX
2026-02-16 21:37:03,494 - INFO - 偵測為 [Old Format]，解析出 2334 筆資料。
2026-02-16 21:37:03,618 - INFO - 成功寫入資料庫！
2026-02-16 21:37:06,207 - INFO - 檔案已移至 processed 資料夾
2026-02-16 21:37:18,612 - INFO - 使用檔名作為主提單號 (MAWB): IPC250318720EX
2026-02-16 21:37:18,612 - INFO - 開始處理檔案: IPC250318720EX.xlsx, MAWB: IPC250318720EX
2026-02-16 21:37:32,764 - INFO - 偵測為 [Old Format]，解析出 2138 筆資料。
2026-02-16 21:37:32,880 - INFO - 成功寫入資料庫！
2026-02-16 21:37:36,120 - INFO - 檔案已移至 processed 資料夾
2026-02-16 21:37:45,506 - INFO - 使用檔名作為主提單號 (MAWB): IPC250319721EX
2026-02-16 21:37:45,506 - INFO - 開始處理檔案: IPC250319721EX.xlsx, MAWB: IPC250319721EX
2026-02-16 21:37:56,374 - INFO - 偵測為 [Old Format]，解析出 2563 筆資料。
2026-02-16 21:37:56,511 - INFO - 成功寫入資料庫！
2026-02-16 21:37:59,188 - INFO - 檔案已移至 processed 資料夾
2026-02-16 21:38:05,860 - INFO - 使用檔名作為主提單號 (MAWB): IPC250402720EX
2026-02-16 21:38:05,861 - INFO - 開始處理檔案: IPC250402720EX.xlsx, MAWB: IPC250402720EX
2026-02-16 21:38:16,433 - INFO - 偵測為 [Old Format]，解析出 2483 筆資料。
2026-02-16 21:38:16,566 - INFO - 成功寫入資料庫！
2026-02-16 21:38:19,109 - INFO - 檔案已移至 processed 資料夾
2026-02-16 21:38:28,415 - INFO - 使用檔名作為主提單號 (MAWB): IPC250405417EX
2026-02-16 21:38:28,416 - INFO - 開始處理檔案: IPC250405417EX.xlsx, MAWB: IPC250405417EX
2026-02-16 21:38:41,089 - INFO - 偵測為 [Old Format]，解析出 2861 筆資料。
2026-02-16 21:38:41,253 - INFO - 成功寫入資料庫！
2026-02-16 21:38:44,551 - INFO - 檔案已移至 processed 資料夾
2026-02-16 21:38:53,698 - INFO - 使用檔名作為主提單號 (MAWB): IPC250405419EX
2026-02-16 21:38:53,699 - INFO - 開始處理檔案: IPC250405419EX.xlsx, MAWB: IPC250405419EX
2026-02-16 21:39:06,657 - INFO - 偵測為 [Old Format]，解析出 3038 筆資料。
2026-02-16 21:39:06,810 - INFO - 成功寫入資料庫！
2026-02-16 21:39:11,115 - INFO - 檔案已移至 processed 資料夾
2026-02-16 21:39:22,008 - INFO - 使用檔名作為主提單號 (MAWB): IPC250407407EX
2026-02-16 21:39:22,009 - INFO - 開始處理檔案: IPC250407407EX.xlsx, MAWB: IPC250407407EX
2026-02-16 21:39:36,479 - INFO - 偵測為 [Old Format]，解析出 2745 筆資料。
2026-02-16 21:39:36,631 - INFO - 成功寫入資料庫！
2026-02-16 21:39:39,864 - INFO - 檔案已移至 processed 資料夾
2026-02-16 21:39:45,798 - INFO - 使用檔名作為主提單號 (MAWB): IPC250407408EX
2026-02-16 21:39:45,799 - INFO - 開始處理檔案: IPC250407408EX.xlsx, MAWB: IPC250407408EX
2026-02-16 21:39:55,495 - INFO - 偵測為 [Old Format]，解析出 2850 筆資料。
2026-02-16 21:39:55,634 - INFO - 成功寫入資料庫！
2026-02-16 21:39:58,339 - INFO - 檔案已移至 processed 資料夾
2026-02-16 21:40:08,767 - INFO - 使用檔名作為主提單號 (MAWB): IPC250407412EX
2026-02-16 21:40:08,768 - INFO - 開始處理檔案: IPC250407412EX.xlsx, MAWB: IPC250407412EX
2026-02-16 21:40:26,884 - INFO - 偵測為 [Old Format]，解析出 2971 筆資料。
2026-02-16 21:40:27,063 - INFO - 成功寫入資料庫！
2026-02-16 21:40:30,458 - INFO - 檔案已移至 processed 資料夾
2026-02-16 21:40:36,341 - INFO - 使用檔名作為主提單號 (MAWB): IPC250407413EX
2026-02-16 21:40:36,341 - INFO - 開始處理檔案: IPC250407413EX.xlsx, MAWB: IPC250407413EX
2026-02-16 21:40:45,471 - INFO - 偵測為 [Old Format]，解析出 2876 筆資料。
2026-02-16 21:40:45,629 - INFO - 成功寫入資料庫！
2026-02-16 21:40:47,538 - INFO - 檔案已移至 processed 資料夾
2026-02-16 21:40:58,416 - INFO - 使用檔名作為主提單號 (MAWB): IPC250408418EX
2026-02-16 21:40:58,417 - INFO - 開始處理檔案: IPC250408418EX.xlsx, MAWB: IPC250408418EX
2026-02-16 21:41:11,655 - INFO - 偵測為 [Old Format]，解析出 2738 筆資料。
2026-02-16 21:41:11,798 - INFO - 成功寫入資料庫！
2026-02-16 21:41:14,559 - INFO - 檔案已移至 processed 資料夾
2026-02-16 21:41:22,721 - INFO - 使用檔名作為主提單號 (MAWB): IPC250409721EX
2026-02-16 21:41:22,722 - INFO - 開始處理檔案: IPC250409721EX.xlsx, MAWB: IPC250409721EX
2026-02-16 21:41:33,428 - INFO - 偵測為 [Old Format]，解析出 3180 筆資料。
2026-02-16 21:41:33,601 - INFO - 成功寫入資料庫！
2026-02-16 21:41:37,267 - INFO - 檔案已移至 processed 資料夾
2026-02-16 21:41:49,370 - INFO - 使用檔名作為主提單號 (MAWB): IPC250409722EX
2026-02-16 21:41:49,371 - INFO - 開始處理檔案: IPC250409722EX.xlsx, MAWB: IPC250409722EX
2026-02-16 21:42:06,541 - INFO - 偵測為 [Old Format]，解析出 2885 筆資料。
2026-02-16 21:42:06,678 - INFO - 成功寫入資料庫！
2026-02-16 21:42:09,507 - INFO - 檔案已移至 processed 資料夾
2026-02-16 21:42:20,297 - INFO - 使用檔名作為主提單號 (MAWB): IPC250410404EX
2026-02-16 21:42:20,299 - INFO - 開始處理檔案: IPC250410404EX.xlsx, MAWB: IPC250410404EX
2026-02-16 21:42:34,297 - INFO - 偵測為 [Old Format]，解析出 3119 筆資料。
2026-02-16 21:42:34,457 - INFO - 成功寫入資料庫！
2026-02-16 21:42:38,816 - INFO - 檔案已移至 processed 資料夾
2026-02-16 21:42:50,081 - INFO - 使用檔名作為主提單號 (MAWB): IPC250410406EX
2026-02-16 21:42:50,081 - INFO - 開始處理檔案: IPC250410406EX.xlsx, MAWB: IPC250410406EX
2026-02-16 21:43:01,955 - INFO - 偵測為 [Old Format]，解析出 2963 筆資料。
2026-02-16 21:43:02,101 - INFO - 成功寫入資料庫！
2026-02-16 21:43:04,738 - INFO - 檔案已移至 processed 資料夾
2026-02-16 21:43:12,195 - INFO - 使用檔名作為主提單號 (MAWB): IPC250412402EX
2026-02-16 21:43:12,196 - INFO - 開始處理檔案: IPC250412402EX.xlsx, MAWB: IPC250412402EX
2026-02-16 21:43:24,138 - INFO - 舊格式匹配失敗 (舊格式欄位缺失: ['貨物編號'])，嘗試新格式...
2026-02-16 21:43:35,422 - INFO - 偵測為 [New Format]，解析出 2388 筆資料。
2026-02-16 21:43:35,535 - INFO - 成功寫入資料庫！
2026-02-16 21:43:38,757 - INFO - 檔案已移至 processed 資料夾
2026-02-16 21:43:47,524 - INFO - 使用檔名作為主提單號 (MAWB): IPC250412403EX
2026-02-16 21:43:47,525 - INFO - 開始處理檔案: IPC250412403EX.xlsx, MAWB: IPC250412403EX
2026-02-16 21:44:00,530 - INFO - 偵測為 [Old Format]，解析出 2836 筆資料。
2026-02-16 21:44:00,688 - INFO - 成功寫入資料庫！
2026-02-16 21:44:03,139 - INFO - 檔案已移至 processed 資料夾
2026-02-16 21:44:13,088 - INFO - 使用檔名作為主提單號 (MAWB): IPC250412405EX
2026-02-16 21:44:13,089 - INFO - 開始處理檔案: IPC250412405EX.xlsx, MAWB: IPC250412405EX
2026-02-16 21:44:29,564 - INFO - 偵測為 [Old Format]，解析出 2825 筆資料。
2026-02-16 21:44:29,697 - INFO - 成功寫入資料庫！
2026-02-16 21:44:32,980 - INFO - 檔案已移至 processed 資料夾
2026-02-16 21:44:44,911 - INFO - 使用檔名作為主提單號 (MAWB): IPC250412407EX
2026-02-16 21:44:44,912 - INFO - 開始處理檔案: IPC250412407EX.xlsx, MAWB: IPC250412407EX
2026-02-16 21:44:59,144 - INFO - 偵測為 [Old Format]，解析出 2818 筆資料。
2026-02-16 21:44:59,314 - ERROR - 處理檔案 IPC250412407EX.xlsx 時發生未預期錯誤: Execution failed on sql 'INSERT INTO table_a_raw (hawb_no, item_no, description_original, qty, qty_unit, net_weight, unit_price, total_amount, currency, consignee_name, consignee_id, consignee_phone, mawb_no, processing_status) VALUES (:hawb_no, :item_no, :description_original, :qty, :qty_unit, :net_weight, :unit_price, :total_amount, :currency, :consignee_name, :consignee_id, :consignee_phone, :mawb_no, :processing_status)': (pymysql.err.DataError) (1406, "Data too long for column 'consignee_id' at row 2801")
[SQL: INSERT INTO table_a_raw (hawb_no, item_no, description_original, qty, qty_unit, net_weight, unit_price, total_amount, currency, consignee_name, consignee_id, consignee_phone, mawb_no, processing_status) VALUES (%(hawb_no)s, %(item_no)s, %(description_original)s, %(qty)s, %(qty_unit)s, %(net_weight)s, %(unit_price)s, %(total_amount)s, %(currency)s, %(consignee_name)s, %(consignee_id)s, %(consignee_phone)s, %(mawb_no)s, %(processing_status)s)]
[parameters: [{'hawb_no': 'HY01136287', 'item_no': 1, 'description_original': '生活用品', 'qty': 2, 'qty_unit': 'PCE', 'net_weight': 9.59, 'unit_price': 415, 'total_amount': 830, 'currency': 'TWD', 'consignee_name': '黎世勝', 'consignee_id': 'H122545784', 'consignee_phone': '911154179.0', 'mawb_no': 'IPC250412407EX', 'processing_status': 'PENDING'}, {'hawb_no': 'HY01135248', 'item_no': 1, 'description_original': '连身衣/爬服/哈衣', 'qty': 4, 'qty_unit': 'PCE', 'net_weight': 3.32, 'unit_price': 90, 'total_amount': 360, 'currency': 'TWD', 'consignee_name': '賴林碧霞', 'consignee_id': 'B200343308', 'consignee_phone': '958870026.0', 'mawb_no': 'IPC250412407EX', 'processing_status': 'PENDING'}, {'hawb_no': 'HY01135248', 'item_no': 2, 'description_original': '儿童泳衣/裤', 'qty': 3, 'qty_unit': 'PCE', 'net_weight': 0.05, 'unit_price': 80, 'total_amount': 240, 'currency': 'TWD', 'consignee_name': '賴林碧霞', 'consignee_id': 'B200343308', 'consignee_phone': '958870026.0', 'mawb_no': 'IPC250412407EX', 'processing_status': 'PENDING'}, {'hawb_no': 'HY01135248', 'item_no': 3, 'description_original': 'T恤', 'qty': 5, 'qty_unit': 'PCE', 'net_weight': 3.51, 'unit_price': 132, 'total_amount': 660, 'currency': 'TWD', 'consignee_name': '賴林碧霞', 'consignee_id': 'B200343308', 'consignee_phone': '958870026.0', 'mawb_no': 'IPC250412407EX', 'processing_status': 'PENDING'}, {'hawb_no': 'HY01135248', 'item_no': 4, 'description_original': '套装', 'qty': 2, 'qty_unit': 'PCE', 'net_weight': 0.84, 'unit_price': 60, 'total_amount': 120, 'currency': 'TWD', 'consignee_name': '賴林碧霞', 'consignee_id': 'B200343308', 'consignee_phone': '958870026.0', 'mawb_no': 'IPC250412407EX', 'processing_status': 'PENDING'}, {'hawb_no': 'HY01135248', 'item_no': 5, 'description_original': '襪子', 'qty': 6, 'qty_unit': 'PCE', 'net_weight': 6.25, 'unit_price': 20, 'total_amount': 120, 'currency': 'TWD', 'consignee_name': '賴林碧霞', 'consignee_id': 'B200343308', 'consignee_phone': '958870026.0', 'mawb_no': 'IPC250412407EX', 'processing_status': 'PENDING'}, {'hawb_no': 'HY01136249', 'item_no': 1, 'description_original': '连身衣/爬服/哈衣', 'qty': 3, 'qty_unit': 'PCE', 'net_weight': 0.54, 'unit_price': 120, 'total_amount': 360, 'currency': 'TWD', 'consignee_name': '林郁棋', 'consignee_id': 'F229052013', 'consignee_phone': '933698052.0', 'mawb_no': 'IPC250412407EX', 'processing_status': 'PENDING'}, {'hawb_no': 'HY01136249', 'item_no': 2, 'description_original': '耳机保护套', 'qty': 5, 'qty_unit': 'PCE', 'net_weight': 0.43, 'unit_price': 30, 'total_amount': 150, 'currency': 'TWD', 'consignee_name': '林郁棋', 'consignee_id': 'F229052013', 'consignee_phone': '933698052.0', 'mawb_no': 'IPC250412407EX', 'processing_status': 'PENDING'}  ... displaying 10 of 2818 total bound parameter sets ...  {'hawb_no': 'HYB0038933', 'item_no': 5, 'description_original': '背心吊带', 'qty': 4, 'qty_unit': 'PCE', 'net_weight': 8.22, 'unit_price': 32, 'total_amount': 128, 'currency': 'TWD', 'consignee_name': '林華欣', 'consignee_id': 'E221706666', 'consignee_phone': '906628887.0', 'mawb_no': 'IPC250412407EX', 'processing_status': 'PENDING'}, {'hawb_no': 'HYB0038935', 'item_no': 1, 'description_original': '入户地垫', 'qty': 2, 'qty_unit': 'PCE', 'net_weight': 1.84, 'unit_price': 321, 'total_amount': 642, 'currency': 'TWD', 'consignee_name': '李家榮', 'consignee_id': 'L122273212', 'consignee_phone': '922999393.0', 'mawb_no': 'IPC250412407EX', 'processing_status': 'PENDING'}]]
(Background on this error at: https://sqlalche.me/e/20/9h9h)
Traceback (most recent call last):
  File "/usr/local/lib64/python3.12/site-packages/sqlalchemy/engine/base.py", line 1936, in _exec_single_context
    self.dialect.do_executemany(
  File "/usr/local/lib64/python3.12/site-packages/sqlalchemy/dialects/mysql/mysqldb.py", line 196, in do_executemany
    rowcount = cursor.executemany(statement, parameters)
               ^^^^^^^^^^^^^^^^^^^^^^^^^^^^^^^^^^^^^^^^^
  File "/usr/local/lib/python3.12/site-packages/pymysql/cursors.py", line 182, in executemany
    return self._do_execute_many(
           ^^^^^^^^^^^^^^^^^^^^^^
  File "/usr/local/lib/python3.12/site-packages/pymysql/cursors.py", line 220, in _do_execute_many
    rows += self.execute(sql + postfix)
            ^^^^^^^^^^^^^^^^^^^^^^^^^^^
  File "/usr/local/lib/python3.12/site-packages/pymysql/cursors.py", line 153, in execute
    result = self._query(query)
             ^^^^^^^^^^^^^^^^^^
  File "/usr/local/lib/python3.12/site-packages/pymysql/cursors.py", line 322, in _query
    conn.query(q)
  File "/usr/local/lib/python3.12/site-packages/pymysql/connections.py", line 575, in query
    self._affected_rows = self._read_query_result(unbuffered=unbuffered)
                          ^^^^^^^^^^^^^^^^^^^^^^^^^^^^^^^^^^^^^^^^^^^^^^
  File "/usr/local/lib/python3.12/site-packages/pymysql/connections.py", line 826, in _read_query_result
    result.read()
  File "/usr/local/lib/python3.12/site-packages/pymysql/connections.py", line 1203, in read
    first_packet = self.connection._read_packet()
                   ^^^^^^^^^^^^^^^^^^^^^^^^^^^^^^
  File "/usr/local/lib/python3.12/site-packages/pymysql/connections.py", line 782, in _read_packet
    packet.raise_for_error()
  File "/usr/local/lib/python3.12/site-packages/pymysql/protocol.py", line 219, in raise_for_error
    err.raise_mysql_exception(self._data)
  File "/usr/local/lib/python3.12/site-packages/pymysql/err.py", line 150, in raise_mysql_exception
    raise errorclass(errno, errval)
pymysql.err.DataError: (1406, "Data too long for column 'consignee_id' at row 2801")

The above exception was the direct cause of the following exception:

Traceback (most recent call last):
  File "/usr/local/lib64/python3.12/site-packages/pandas/io/sql.py", line 1679, in execute
    return execute_function(sql, *args)
           ^^^^^^^^^^^^^^^^^^^^^^^^^^^^
  File "/usr/local/lib64/python3.12/site-packages/sqlalchemy/engine/base.py", line 1419, in execute
    return meth(
           ^^^^^
  File "/usr/local/lib64/python3.12/site-packages/sqlalchemy/sql/elements.py", line 527, in _execute_on_connection
    return connection._execute_clauseelement(
           ^^^^^^^^^^^^^^^^^^^^^^^^^^^^^^^^^^
  File "/usr/local/lib64/python3.12/site-packages/sqlalchemy/engine/base.py", line 1641, in _execute_clauseelement
    ret = self._execute_context(
          ^^^^^^^^^^^^^^^^^^^^^^
  File "/usr/local/lib64/python3.12/site-packages/sqlalchemy/engine/base.py", line 1846, in _execute_context
    return self._exec_single_context(
           ^^^^^^^^^^^^^^^^^^^^^^^^^^
  File "/usr/local/lib64/python3.12/site-packages/sqlalchemy/engine/base.py", line 1986, in _exec_single_context
    self._handle_dbapi_exception(
  File "/usr/local/lib64/python3.12/site-packages/sqlalchemy/engine/base.py", line 2363, in _handle_dbapi_exception
    raise sqlalchemy_exception.with_traceback(exc_info[2]) from e
  File "/usr/local/lib64/python3.12/site-packages/sqlalchemy/engine/base.py", line 1936, in _exec_single_context
    self.dialect.do_executemany(
  File "/usr/local/lib64/python3.12/site-packages/sqlalchemy/dialects/mysql/mysqldb.py", line 196, in do_executemany
    rowcount = cursor.executemany(statement, parameters)
               ^^^^^^^^^^^^^^^^^^^^^^^^^^^^^^^^^^^^^^^^^
  File "/usr/local/lib/python3.12/site-packages/pymysql/cursors.py", line 182, in executemany
    return self._do_execute_many(
           ^^^^^^^^^^^^^^^^^^^^^^
  File "/usr/local/lib/python3.12/site-packages/pymysql/cursors.py", line 220, in _do_execute_many
    rows += self.execute(sql + postfix)
            ^^^^^^^^^^^^^^^^^^^^^^^^^^^
  File "/usr/local/lib/python3.12/site-packages/pymysql/cursors.py", line 153, in execute
    result = self._query(query)
             ^^^^^^^^^^^^^^^^^^
  File "/usr/local/lib/python3.12/site-packages/pymysql/cursors.py", line 322, in _query
    conn.query(q)
  File "/usr/local/lib/python3.12/site-packages/pymysql/connections.py", line 575, in query
    self._affected_rows = self._read_query_result(unbuffered=unbuffered)
                          ^^^^^^^^^^^^^^^^^^^^^^^^^^^^^^^^^^^^^^^^^^^^^^
  File "/usr/local/lib/python3.12/site-packages/pymysql/connections.py", line 826, in _read_query_result
    result.read()
  File "/usr/local/lib/python3.12/site-packages/pymysql/connections.py", line 1203, in read
    first_packet = self.connection._read_packet()
                   ^^^^^^^^^^^^^^^^^^^^^^^^^^^^^^
  File "/usr/local/lib/python3.12/site-packages/pymysql/connections.py", line 782, in _read_packet
    packet.raise_for_error()
  File "/usr/local/lib/python3.12/site-packages/pymysql/protocol.py", line 219, in raise_for_error
    err.raise_mysql_exception(self._data)
  File "/usr/local/lib/python3.12/site-packages/pymysql/err.py", line 150, in raise_mysql_exception
    raise errorclass(errno, errval)
sqlalchemy.exc.DataError: (pymysql.err.DataError) (1406, "Data too long for column 'consignee_id' at row 2801")
[SQL: INSERT INTO table_a_raw (hawb_no, item_no, description_original, qty, qty_unit, net_weight, unit_price, total_amount, currency, consignee_name, consignee_id, consignee_phone, mawb_no, processing_status) VALUES (%(hawb_no)s, %(item_no)s, %(description_original)s, %(qty)s, %(qty_unit)s, %(net_weight)s, %(unit_price)s, %(total_amount)s, %(currency)s, %(consignee_name)s, %(consignee_id)s, %(consignee_phone)s, %(mawb_no)s, %(processing_status)s)]
[parameters: [{'hawb_no': 'HY01136287', 'item_no': 1, 'description_original': '生活用品', 'qty': 2, 'qty_unit': 'PCE', 'net_weight': 9.59, 'unit_price': 415, 'total_amount': 830, 'currency': 'TWD', 'consignee_name': '黎世勝', 'consignee_id': 'H122545784', 'consignee_phone': '911154179.0', 'mawb_no': 'IPC250412407EX', 'processing_status': 'PENDING'}, {'hawb_no': 'HY01135248', 'item_no': 1, 'description_original': '连身衣/爬服/哈衣', 'qty': 4, 'qty_unit': 'PCE', 'net_weight': 3.32, 'unit_price': 90, 'total_amount': 360, 'currency': 'TWD', 'consignee_name': '賴林碧霞', 'consignee_id': 'B200343308', 'consignee_phone': '958870026.0', 'mawb_no': 'IPC250412407EX', 'processing_status': 'PENDING'}, {'hawb_no': 'HY01135248', 'item_no': 2, 'description_original': '儿童泳衣/裤', 'qty': 3, 'qty_unit': 'PCE', 'net_weight': 0.05, 'unit_price': 80, 'total_amount': 240, 'currency': 'TWD', 'consignee_name': '賴林碧霞', 'consignee_id': 'B200343308', 'consignee_phone': '958870026.0', 'mawb_no': 'IPC250412407EX', 'processing_status': 'PENDING'}, {'hawb_no': 'HY01135248', 'item_no': 3, 'description_original': 'T恤', 'qty': 5, 'qty_unit': 'PCE', 'net_weight': 3.51, 'unit_price': 132, 'total_amount': 660, 'currency': 'TWD', 'consignee_name': '賴林碧霞', 'consignee_id': 'B200343308', 'consignee_phone': '958870026.0', 'mawb_no': 'IPC250412407EX', 'processing_status': 'PENDING'}, {'hawb_no': 'HY01135248', 'item_no': 4, 'description_original': '套装', 'qty': 2, 'qty_unit': 'PCE', 'net_weight': 0.84, 'unit_price': 60, 'total_amount': 120, 'currency': 'TWD', 'consignee_name': '賴林碧霞', 'consignee_id': 'B200343308', 'consignee_phone': '958870026.0', 'mawb_no': 'IPC250412407EX', 'processing_status': 'PENDING'}, {'hawb_no': 'HY01135248', 'item_no': 5, 'description_original': '襪子', 'qty': 6, 'qty_unit': 'PCE', 'net_weight': 6.25, 'unit_price': 20, 'total_amount': 120, 'currency': 'TWD', 'consignee_name': '賴林碧霞', 'consignee_id': 'B200343308', 'consignee_phone': '958870026.0', 'mawb_no': 'IPC250412407EX', 'processing_status': 'PENDING'}, {'hawb_no': 'HY01136249', 'item_no': 1, 'description_original': '连身衣/爬服/哈衣', 'qty': 3, 'qty_unit': 'PCE', 'net_weight': 0.54, 'unit_price': 120, 'total_amount': 360, 'currency': 'TWD', 'consignee_name': '林郁棋', 'consignee_id': 'F229052013', 'consignee_phone': '933698052.0', 'mawb_no': 'IPC250412407EX', 'processing_status': 'PENDING'}, {'hawb_no': 'HY01136249', 'item_no': 2, 'description_original': '耳机保护套', 'qty': 5, 'qty_unit': 'PCE', 'net_weight': 0.43, 'unit_price': 30, 'total_amount': 150, 'currency': 'TWD', 'consignee_name': '林郁棋', 'consignee_id': 'F229052013', 'consignee_phone': '933698052.0', 'mawb_no': 'IPC250412407EX', 'processing_status': 'PENDING'}  ... displaying 10 of 2818 total bound parameter sets ...  {'hawb_no': 'HYB0038933', 'item_no': 5, 'description_original': '背心吊带', 'qty': 4, 'qty_unit': 'PCE', 'net_weight': 8.22, 'unit_price': 32, 'total_amount': 128, 'currency': 'TWD', 'consignee_name': '林華欣', 'consignee_id': 'E221706666', 'consignee_phone': '906628887.0', 'mawb_no': 'IPC250412407EX', 'processing_status': 'PENDING'}, {'hawb_no': 'HYB0038935', 'item_no': 1, 'description_original': '入户地垫', 'qty': 2, 'qty_unit': 'PCE', 'net_weight': 1.84, 'unit_price': 321, 'total_amount': 642, 'currency': 'TWD', 'consignee_name': '李家榮', 'consignee_id': 'L122273212', 'consignee_phone': '922999393.0', 'mawb_no': 'IPC250412407EX', 'processing_status': 'PENDING'}]]
(Background on this error at: https://sqlalche.me/e/20/9h9h)

The above exception was the direct cause of the following exception:

Traceback (most recent call last):
  File "/mnt/gdrive/SeaExpress_Automation_Project/SeaExpress_Core/src/process_excel_order.py", line 235, in process_excel_file
    db_df.to_sql('table_a_raw', con=engine, if_exists='append', index=False)
  File "/usr/local/lib64/python3.12/site-packages/pandas/core/generic.py", line 3052, in to_sql
    return sql.to_sql(
           ^^^^^^^^^^^
  File "/usr/local/lib64/python3.12/site-packages/pandas/io/sql.py", line 841, in to_sql
    return pandas_sql.to_sql(
           ^^^^^^^^^^^^^^^^^^
  File "/usr/local/lib64/python3.12/site-packages/pandas/io/sql.py", line 2037, in to_sql
    total_inserted = sql_engine.insert_records(
                     ^^^^^^^^^^^^^^^^^^^^^^^^^^
  File "/usr/local/lib64/python3.12/site-packages/pandas/io/sql.py", line 1571, in insert_records
    return table.insert(chunksize=chunksize, method=method)
           ^^^^^^^^^^^^^^^^^^^^^^^^^^^^^^^^^^^^^^^^^^^^^^^^
  File "/usr/local/lib64/python3.12/site-packages/pandas/io/sql.py", line 1122, in insert
    num_inserted = exec_insert(conn, keys, chunk_iter)
                   ^^^^^^^^^^^^^^^^^^^^^^^^^^^^^^^^^^^
  File "/usr/local/lib64/python3.12/site-packages/pandas/io/sql.py", line 1014, in _execute_insert
    result = self.pd_sql.execute(self.table.insert(), data)
             ^^^^^^^^^^^^^^^^^^^^^^^^^^^^^^^^^^^^^^^^^^^^^^
  File "/usr/local/lib64/python3.12/site-packages/pandas/io/sql.py", line 1681, in execute
    raise DatabaseError(f"Execution failed on sql '{sql}': {exc}") from exc
pandas.errors.DatabaseError: Execution failed on sql 'INSERT INTO table_a_raw (hawb_no, item_no, description_original, qty, qty_unit, net_weight, unit_price, total_amount, currency, consignee_name, consignee_id, consignee_phone, mawb_no, processing_status) VALUES (:hawb_no, :item_no, :description_original, :qty, :qty_unit, :net_weight, :unit_price, :total_amount, :currency, :consignee_name, :consignee_id, :consignee_phone, :mawb_no, :processing_status)': (pymysql.err.DataError) (1406, "Data too long for column 'consignee_id' at row 2801")
[SQL: INSERT INTO table_a_raw (hawb_no, item_no, description_original, qty, qty_unit, net_weight, unit_price, total_amount, currency, consignee_name, consignee_id, consignee_phone, mawb_no, processing_status) VALUES (%(hawb_no)s, %(item_no)s, %(description_original)s, %(qty)s, %(qty_unit)s, %(net_weight)s, %(unit_price)s, %(total_amount)s, %(currency)s, %(consignee_name)s, %(consignee_id)s, %(consignee_phone)s, %(mawb_no)s, %(processing_status)s)]
[parameters: [{'hawb_no': 'HY01136287', 'item_no': 1, 'description_original': '生活用品', 'qty': 2, 'qty_unit': 'PCE', 'net_weight': 9.59, 'unit_price': 415, 'total_amount': 830, 'currency': 'TWD', 'consignee_name': '黎世勝', 'consignee_id': 'H122545784', 'consignee_phone': '911154179.0', 'mawb_no': 'IPC250412407EX', 'processing_status': 'PENDING'}, {'hawb_no': 'HY01135248', 'item_no': 1, 'description_original': '连身衣/爬服/哈衣', 'qty': 4, 'qty_unit': 'PCE', 'net_weight': 3.32, 'unit_price': 90, 'total_amount': 360, 'currency': 'TWD', 'consignee_name': '賴林碧霞', 'consignee_id': 'B200343308', 'consignee_phone': '958870026.0', 'mawb_no': 'IPC250412407EX', 'processing_status': 'PENDING'}, {'hawb_no': 'HY01135248', 'item_no': 2, 'description_original': '儿童泳衣/裤', 'qty': 3, 'qty_unit': 'PCE', 'net_weight': 0.05, 'unit_price': 80, 'total_amount': 240, 'currency': 'TWD', 'consignee_name': '賴林碧霞', 'consignee_id': 'B200343308', 'consignee_phone': '958870026.0', 'mawb_no': 'IPC250412407EX', 'processing_status': 'PENDING'}, {'hawb_no': 'HY01135248', 'item_no': 3, 'description_original': 'T恤', 'qty': 5, 'qty_unit': 'PCE', 'net_weight': 3.51, 'unit_price': 132, 'total_amount': 660, 'currency': 'TWD', 'consignee_name': '賴林碧霞', 'consignee_id': 'B200343308', 'consignee_phone': '958870026.0', 'mawb_no': 'IPC250412407EX', 'processing_status': 'PENDING'}, {'hawb_no': 'HY01135248', 'item_no': 4, 'description_original': '套装', 'qty': 2, 'qty_unit': 'PCE', 'net_weight': 0.84, 'unit_price': 60, 'total_amount': 120, 'currency': 'TWD', 'consignee_name': '賴林碧霞', 'consignee_id': 'B200343308', 'consignee_phone': '958870026.0', 'mawb_no': 'IPC250412407EX', 'processing_status': 'PENDING'}, {'hawb_no': 'HY01135248', 'item_no': 5, 'description_original': '襪子', 'qty': 6, 'qty_unit': 'PCE', 'net_weight': 6.25, 'unit_price': 20, 'total_amount': 120, 'currency': 'TWD', 'consignee_name': '賴林碧霞', 'consignee_id': 'B200343308', 'consignee_phone': '958870026.0', 'mawb_no': 'IPC250412407EX', 'processing_status': 'PENDING'}, {'hawb_no': 'HY01136249', 'item_no': 1, 'description_original': '连身衣/爬服/哈衣', 'qty': 3, 'qty_unit': 'PCE', 'net_weight': 0.54, 'unit_price': 120, 'total_amount': 360, 'currency': 'TWD', 'consignee_name': '林郁棋', 'consignee_id': 'F229052013', 'consignee_phone': '933698052.0', 'mawb_no': 'IPC250412407EX', 'processing_status': 'PENDING'}, {'hawb_no': 'HY01136249', 'item_no': 2, 'description_original': '耳机保护套', 'qty': 5, 'qty_unit': 'PCE', 'net_weight': 0.43, 'unit_price': 30, 'total_amount': 150, 'currency': 'TWD', 'consignee_name': '林郁棋', 'consignee_id': 'F229052013', 'consignee_phone': '933698052.0', 'mawb_no': 'IPC250412407EX', 'processing_status': 'PENDING'}  ... displaying 10 of 2818 total bound parameter sets ...  {'hawb_no': 'HYB0038933', 'item_no': 5, 'description_original': '背心吊带', 'qty': 4, 'qty_unit': 'PCE', 'net_weight': 8.22, 'unit_price': 32, 'total_amount': 128, 'currency': 'TWD', 'consignee_name': '林華欣', 'consignee_id': 'E221706666', 'consignee_phone': '906628887.0', 'mawb_no': 'IPC250412407EX', 'processing_status': 'PENDING'}, {'hawb_no': 'HYB0038935', 'item_no': 1, 'description_original': '入户地垫', 'qty': 2, 'qty_unit': 'PCE', 'net_weight': 1.84, 'unit_price': 321, 'total_amount': 642, 'currency': 'TWD', 'consignee_name': '李家榮', 'consignee_id': 'L122273212', 'consignee_phone': '922999393.0', 'mawb_no': 'IPC250412407EX', 'processing_status': 'PENDING'}]]
(Background on this error at: https://sqlalche.me/e/20/9h9h)
2026-02-16 21:45:07,788 - INFO - 使用檔名作為主提單號 (MAWB): IPC250412433EX
2026-02-16 21:45:07,789 - INFO - 開始處理檔案: IPC250412433EX.xlsx, MAWB: IPC250412433EX
2026-02-16 21:45:16,974 - INFO - 舊格式匹配失敗 (舊格式欄位缺失: ['貨物編號'])，嘗試新格式...
2026-02-16 21:45:27,293 - INFO - 偵測為 [New Format]，解析出 2410 筆資料。
2026-02-16 21:45:27,407 - INFO - 成功寫入資料庫！
2026-02-16 21:45:30,940 - INFO - 檔案已移至 processed 資料夾
2026-02-16 21:45:43,594 - INFO - A1 欄位內容 '主提單號碼:' 不符合純英數格式 (可能是中文標題)，將忽略 A1。
2026-02-16 21:45:43,595 - INFO - 使用檔名作為主提單號 (MAWB): IPC25041402EX
2026-02-16 21:45:43,595 - INFO - 開始處理檔案: IPC25041402EX.xlsx, MAWB: IPC25041402EX
2026-02-16 21:46:08,005 - INFO - 舊格式匹配失敗 (非舊格式特徵)，嘗試新格式...
2026-02-16 21:46:30,410 - INFO - 偵測為 [New Format]，解析出 8083 筆資料。
2026-02-16 21:46:30,716 - INFO - 成功寫入資料庫！
2026-02-16 21:46:34,356 - INFO - 檔案已移至 processed 資料夾
2026-02-16 21:46:44,048 - INFO - 使用檔名作為主提單號 (MAWB): IPC250414414EX
2026-02-16 21:46:44,048 - INFO - 開始處理檔案: IPC250414414EX.xlsx, MAWB: IPC250414414EX
2026-02-16 21:46:56,718 - INFO - 偵測為 [Old Format]，解析出 2715 筆資料。
2026-02-16 21:46:56,864 - INFO - 成功寫入資料庫！
2026-02-16 21:46:59,763 - INFO - 檔案已移至 processed 資料夾
2026-02-16 21:47:09,628 - INFO - 使用檔名作為主提單號 (MAWB): IPC250414415EX
2026-02-16 21:47:09,628 - INFO - 開始處理檔案: IPC250414415EX.xlsx, MAWB: IPC250414415EX
2026-02-16 21:47:22,916 - INFO - 偵測為 [Old Format]，解析出 3106 筆資料。
2026-02-16 21:47:23,144 - INFO - 成功寫入資料庫！
2026-02-16 21:47:26,559 - INFO - 檔案已移至 processed 資料夾
2026-02-16 21:47:35,138 - INFO - 使用檔名作為主提單號 (MAWB): IPC250414416EX
2026-02-16 21:47:35,139 - INFO - 開始處理檔案: IPC250414416EX.xlsx, MAWB: IPC250414416EX
2026-02-16 21:47:52,748 - INFO - 偵測為 [Old Format]，解析出 3244 筆資料。
2026-02-16 21:47:52,899 - INFO - 成功寫入資料庫！
2026-02-16 21:47:56,203 - INFO - 檔案已移至 processed 資料夾
2026-02-16 21:48:02,944 - INFO - 使用檔名作為主提單號 (MAWB): IPC250414417EX
2026-02-16 21:48:02,945 - INFO - 開始處理檔案: IPC250414417EX.xlsx, MAWB: IPC250414417EX
2026-02-16 21:48:12,510 - INFO - 偵測為 [Old Format]，解析出 2625 筆資料。
2026-02-16 21:48:12,647 - INFO - 成功寫入資料庫！
2026-02-16 21:48:15,480 - INFO - 檔案已移至 processed 資料夾
2026-02-16 21:48:25,731 - INFO - 使用檔名作為主提單號 (MAWB): IPC250415416EX
2026-02-16 21:48:25,732 - INFO - 開始處理檔案: IPC250415416EX.xlsx, MAWB: IPC250415416EX
2026-02-16 21:48:40,305 - INFO - 偵測為 [Old Format]，解析出 3108 筆資料。
2026-02-16 21:48:40,489 - INFO - 成功寫入資料庫！
2026-02-16 21:48:43,961 - INFO - 檔案已移至 processed 資料夾
2026-02-16 21:48:51,193 - INFO - 使用檔名作為主提單號 (MAWB): IPC250415418EX
2026-02-16 21:48:51,194 - INFO - 開始處理檔案: IPC250415418EX.xlsx, MAWB: IPC250415418EX
2026-02-16 21:49:01,274 - INFO - 偵測為 [Old Format]，解析出 2893 筆資料。
2026-02-16 21:49:01,494 - INFO - 成功寫入資料庫！
2026-02-16 21:49:04,030 - INFO - 檔案已移至 processed 資料夾
2026-02-16 21:49:13,808 - INFO - 使用檔名作為主提單號 (MAWB): IPC250416720EX
2026-02-16 21:49:13,809 - INFO - 開始處理檔案: IPC250416720EX.xlsx, MAWB: IPC250416720EX
2026-02-16 21:49:27,671 - INFO - 偵測為 [Old Format]，解析出 2650 筆資料。
2026-02-16 21:49:27,798 - INFO - 成功寫入資料庫！
2026-02-16 21:49:30,939 - INFO - 檔案已移至 processed 資料夾
2026-02-16 21:49:39,529 - INFO - 使用檔名作為主提單號 (MAWB): IPC250416721EX
2026-02-16 21:49:39,529 - INFO - 開始處理檔案: IPC250416721EX.xlsx, MAWB: IPC250416721EX
2026-02-16 21:49:50,535 - INFO - 偵測為 [Old Format]，解析出 2931 筆資料。
2026-02-16 21:49:50,685 - INFO - 成功寫入資料庫！
2026-02-16 21:49:53,437 - INFO - 檔案已移至 processed 資料夾
2026-02-16 21:49:59,337 - INFO - 使用檔名作為主提單號 (MAWB): IPC250416722EX
2026-02-16 21:49:59,338 - INFO - 開始處理檔案: IPC250416722EX.xlsx, MAWB: IPC250416722EX
2026-02-16 21:50:12,086 - INFO - 偵測為 [Old Format]，解析出 3140 筆資料。
2026-02-16 21:50:12,244 - INFO - 成功寫入資料庫！
2026-02-16 21:50:15,085 - INFO - 檔案已移至 processed 資料夾
2026-02-16 21:50:28,221 - INFO - A1 欄位內容 '主提單號碼:' 不符合純英數格式 (可能是中文標題)，將忽略 A1。
2026-02-16 21:50:28,221 - INFO - 使用檔名作為主提單號 (MAWB): IPC25041704EX
2026-02-16 21:50:28,222 - INFO - 開始處理檔案: IPC25041704EX.xlsx, MAWB: IPC25041704EX
2026-02-16 21:50:47,939 - INFO - 舊格式匹配失敗 (非舊格式特徵)，嘗試新格式...
2026-02-16 21:51:09,164 - INFO - 偵測為 [New Format]，解析出 8572 筆資料。
2026-02-16 21:51:09,552 - INFO - 成功寫入資料庫！
2026-02-16 21:51:12,988 - INFO - 檔案已移至 processed 資料夾
2026-02-16 21:51:20,949 - INFO - 使用檔名作為主提單號 (MAWB): IPC250417407EX
2026-02-16 21:51:20,950 - INFO - 開始處理檔案: IPC250417407EX.xlsx, MAWB: IPC250417407EX
2026-02-16 21:51:35,373 - INFO - 偵測為 [Old Format]，解析出 3011 筆資料。
2026-02-16 21:51:35,536 - INFO - 成功寫入資料庫！
2026-02-16 21:51:39,284 - INFO - 檔案已移至 processed 資料夾
2026-02-16 21:51:49,860 - INFO - A1 欄位內容 '主提單號碼:' 不符合純英數格式 (可能是中文標題)，將忽略 A1。
2026-02-16 21:51:49,861 - INFO - 使用檔名作為主提單號 (MAWB): IPC25041902EX
2026-02-16 21:51:49,861 - INFO - 開始處理檔案: IPC25041902EX.xlsx, MAWB: IPC25041902EX
2026-02-16 21:52:06,413 - INFO - 舊格式匹配失敗 (非舊格式特徵)，嘗試新格式...
2026-02-16 21:52:22,238 - INFO - 偵測為 [New Format]，解析出 7909 筆資料。
2026-02-16 21:52:22,600 - INFO - 成功寫入資料庫！
2026-02-16 21:52:26,400 - INFO - 檔案已移至 processed 資料夾
2026-02-16 21:52:32,801 - INFO - 使用檔名作為主提單號 (MAWB): IPC250419401EX
2026-02-16 21:52:32,802 - INFO - 開始處理檔案: IPC250419401EX.xlsx, MAWB: IPC250419401EX
2026-02-16 21:52:42,355 - INFO - 偵測為 [Old Format]，解析出 2684 筆資料。
2026-02-16 21:52:42,518 - INFO - 成功寫入資料庫！
2026-02-16 21:52:46,853 - INFO - 檔案已移至 processed 資料夾
2026-02-16 21:52:53,116 - INFO - 使用檔名作為主提單號 (MAWB): IPC250419402EX
2026-02-16 21:52:53,117 - INFO - 開始處理檔案: IPC250419402EX.xlsx, MAWB: IPC250419402EX
2026-02-16 21:53:02,514 - INFO - 偵測為 [Old Format]，解析出 3265 筆資料。
2026-02-16 21:53:02,675 - INFO - 成功寫入資料庫！
2026-02-16 21:53:05,375 - INFO - 檔案已移至 processed 資料夾
2026-02-16 21:53:15,581 - INFO - 使用檔名作為主提單號 (MAWB): IPC250419403EX
2026-02-16 21:53:15,582 - INFO - 開始處理檔案: IPC250419403EX.xlsx, MAWB: IPC250419403EX
2026-02-16 21:53:29,842 - INFO - 偵測為 [Old Format]，解析出 2666 筆資料。
2026-02-16 21:53:30,051 - INFO - 成功寫入資料庫！
2026-02-16 21:53:34,084 - INFO - 檔案已移至 processed 資料夾
2026-02-16 21:53:44,093 - INFO - 使用檔名作為主提單號 (MAWB): IPC250419405EX
2026-02-16 21:53:44,094 - INFO - 開始處理檔案: IPC250419405EX.xlsx, MAWB: IPC250419405EX
2026-02-16 21:54:01,830 - INFO - 偵測為 [Old Format]，解析出 2948 筆資料。
2026-02-16 21:54:01,968 - INFO - 成功寫入資料庫！
2026-02-16 21:54:05,045 - INFO - 檔案已移至 processed 資料夾
2026-02-16 21:54:10,547 - INFO - 使用檔名作為主提單號 (MAWB): IPC250419407EX
2026-02-16 21:54:10,547 - INFO - 開始處理檔案: IPC250419407EX.xlsx, MAWB: IPC250419407EX
2026-02-16 21:54:19,142 - INFO - 偵測為 [Old Format]，解析出 2376 筆資料。
2026-02-16 21:54:19,260 - INFO - 成功寫入資料庫！
2026-02-16 21:54:23,924 - INFO - 檔案已移至 processed 資料夾
2026-02-16 21:54:34,540 - INFO - A1 欄位內容 '主提單號碼:' 不符合純英數格式 (可能是中文標題)，將忽略 A1。
2026-02-16 21:54:34,541 - INFO - 使用檔名作為主提單號 (MAWB): IPC25042102EX
2026-02-16 21:54:34,542 - INFO - 開始處理檔案: IPC25042102EX.xlsx, MAWB: IPC25042102EX
2026-02-16 21:54:51,524 - INFO - 舊格式匹配失敗 (非舊格式特徵)，嘗試新格式...
2026-02-16 21:55:07,469 - INFO - 偵測為 [New Format]，解析出 8513 筆資料。
2026-02-16 21:55:07,801 - INFO - 成功寫入資料庫！
2026-02-16 21:55:10,906 - INFO - 檔案已移至 processed 資料夾
2026-02-16 21:55:20,108 - INFO - 使用檔名作為主提單號 (MAWB): IPC250421403EX
2026-02-16 21:55:20,109 - INFO - 開始處理檔案: IPC250421403EX.xlsx, MAWB: IPC250421403EX
2026-02-16 21:55:31,139 - INFO - 偵測為 [Old Format]，解析出 2441 筆資料。
2026-02-16 21:55:31,263 - INFO - 成功寫入資料庫！
2026-02-16 21:55:34,580 - INFO - 檔案已移至 processed 資料夾
2026-02-16 21:55:41,182 - INFO - 使用檔名作為主提單號 (MAWB): IPC250421404EX
2026-02-16 21:55:41,183 - INFO - 開始處理檔案: IPC250421404EX.xlsx, MAWB: IPC250421404EX
2026-02-16 21:55:51,022 - INFO - 偵測為 [Old Format]，解析出 2915 筆資料。
2026-02-16 21:55:51,165 - INFO - 成功寫入資料庫！
2026-02-16 21:55:53,710 - INFO - 檔案已移至 processed 資料夾
2026-02-16 21:56:03,128 - INFO - 使用檔名作為主提單號 (MAWB): IPC250421406EX
2026-02-16 21:56:03,129 - INFO - 開始處理檔案: IPC250421406EX.xlsx, MAWB: IPC250421406EX
2026-02-16 21:56:18,502 - INFO - 偵測為 [Old Format]，解析出 2863 筆資料。
2026-02-16 21:56:18,649 - INFO - 成功寫入資料庫！
2026-02-16 21:56:21,769 - INFO - 檔案已移至 processed 資料夾
2026-02-16 21:56:29,221 - INFO - 使用檔名作為主提單號 (MAWB): IPC250421407EX
2026-02-16 21:56:29,222 - INFO - 開始處理檔案: IPC250421407EX.xlsx, MAWB: IPC250421407EX
2026-02-16 21:56:40,058 - INFO - 偵測為 [Old Format]，解析出 3015 筆資料。
2026-02-16 21:56:40,209 - INFO - 成功寫入資料庫！
2026-02-16 21:56:42,782 - INFO - 檔案已移至 processed 資料夾
2026-02-16 21:56:49,076 - INFO - 使用檔名作為主提單號 (MAWB): IPC250422720EX
2026-02-16 21:56:49,077 - INFO - 開始處理檔案: IPC250422720EX.xlsx, MAWB: IPC250422720EX
2026-02-16 21:56:57,767 - INFO - 偵測為 [Old Format]，解析出 2734 筆資料。
2026-02-16 21:56:57,916 - INFO - 成功寫入資料庫！
2026-02-16 21:57:00,744 - INFO - 檔案已移至 processed 資料夾
2026-02-16 21:57:08,293 - INFO - 使用檔名作為主提單號 (MAWB): IPC250422721EX
2026-02-16 21:57:08,294 - INFO - 開始處理檔案: IPC250422721EX.xlsx, MAWB: IPC250422721EX
2026-02-16 21:57:20,319 - INFO - 偵測為 [Old Format]，解析出 2661 筆資料。
2026-02-16 21:57:20,463 - INFO - 成功寫入資料庫！
2026-02-16 21:57:23,721 - INFO - 檔案已移至 processed 資料夾
2026-02-16 21:57:30,102 - INFO - 使用檔名作為主提單號 (MAWB): IPC250422722EX
2026-02-16 21:57:30,102 - INFO - 開始處理檔案: IPC250422722EX.xlsx, MAWB: IPC250422722EX
2026-02-16 21:57:40,011 - INFO - 偵測為 [Old Format]，解析出 2313 筆資料。
2026-02-16 21:57:40,177 - INFO - 成功寫入資料庫！
2026-02-16 21:57:43,076 - INFO - 檔案已移至 processed 資料夾
2026-02-16 21:57:54,362 - INFO - 使用檔名作為主提單號 (MAWB): IPC250423721EX
2026-02-16 21:57:54,362 - INFO - 開始處理檔案: IPC250423721EX.xlsx, MAWB: IPC250423721EX
2026-02-16 21:58:09,048 - INFO - 偵測為 [Old Format]，解析出 2976 筆資料。
2026-02-16 21:58:09,192 - INFO - 成功寫入資料庫！
2026-02-16 21:58:11,736 - INFO - 檔案已移至 processed 資料夾
2026-02-16 21:58:22,803 - INFO - 使用檔名作為主提單號 (MAWB): IPC250423722EX
2026-02-16 21:58:22,803 - INFO - 開始處理檔案: IPC250423722EX.xlsx, MAWB: IPC250423722EX
2026-02-16 21:58:38,340 - INFO - 偵測為 [Old Format]，解析出 3125 筆資料。
2026-02-16 21:58:38,570 - INFO - 成功寫入資料庫！
2026-02-16 21:58:41,855 - INFO - 檔案已移至 processed 資料夾
2026-02-16 21:58:48,883 - INFO - 使用檔名作為主提單號 (MAWB): IPC250424402EX
2026-02-16 21:58:48,884 - INFO - 開始處理檔案: IPC250424402EX.xlsx, MAWB: IPC250424402EX
2026-02-16 21:58:58,773 - INFO - 偵測為 [Old Format]，解析出 2587 筆資料。
2026-02-16 21:58:58,906 - INFO - 成功寫入資料庫！
2026-02-16 21:59:01,102 - INFO - 檔案已移至 processed 資料夾
2026-02-16 21:59:11,348 - INFO - 使用檔名作為主提單號 (MAWB): IPC250424404EX
2026-02-16 21:59:11,349 - INFO - 開始處理檔案: IPC250424404EX.xlsx, MAWB: IPC250424404EX
2026-02-16 21:59:28,551 - INFO - 偵測為 [Old Format]，解析出 2611 筆資料。
2026-02-16 21:59:28,695 - INFO - 成功寫入資料庫！
2026-02-16 21:59:33,004 - INFO - 檔案已移至 processed 資料夾
2026-02-16 21:59:40,857 - INFO - 使用檔名作為主提單號 (MAWB): IPC250424405EX
2026-02-16 21:59:40,857 - INFO - 開始處理檔案: IPC250424405EX.xlsx, MAWB: IPC250424405EX
2026-02-16 21:59:53,102 - INFO - 偵測為 [Old Format]，解析出 2608 筆資料。
2026-02-16 21:59:53,245 - INFO - 成功寫入資料庫！
2026-02-16 21:59:56,275 - INFO - 檔案已移至 processed 資料夾
2026-02-16 22:00:06,788 - INFO - 使用檔名作為主提單號 (MAWB): IPC250424406EX
2026-02-16 22:00:06,788 - INFO - 開始處理檔案: IPC250424406EX.xlsx, MAWB: IPC250424406EX
2026-02-16 22:00:53,561 - INFO - 偵測為 [Old Format]，解析出 2530 筆資料。
2026-02-16 22:00:53,712 - INFO - 成功寫入資料庫！
2026-02-16 22:00:57,271 - INFO - 檔案已移至 processed 資料夾
2026-02-16 22:01:08,684 - INFO - A1 欄位內容 '主提單號碼:' 不符合純英數格式 (可能是中文標題)，將忽略 A1。
2026-02-16 22:01:08,685 - INFO - 使用檔名作為主提單號 (MAWB): IPC25042602EX
2026-02-16 22:01:08,686 - INFO - 開始處理檔案: IPC25042602EX.xlsx, MAWB: IPC25042602EX
2026-02-16 22:01:39,979 - INFO - 舊格式匹配失敗 (非舊格式特徵)，嘗試新格式...
2026-02-16 22:01:57,341 - INFO - 偵測為 [New Format]，解析出 8144 筆資料。
2026-02-16 22:01:57,675 - INFO - 成功寫入資料庫！
2026-02-16 22:02:01,411 - INFO - 檔案已移至 processed 資料夾
2026-02-16 22:02:08,538 - INFO - 使用檔名作為主提單號 (MAWB): IPC250426401EX
2026-02-16 22:02:08,539 - INFO - 開始處理檔案: IPC250426401EX.xlsx, MAWB: IPC250426401EX
2026-02-16 22:02:18,925 - INFO - 偵測為 [Old Format]，解析出 2479 筆資料。
2026-02-16 22:02:19,076 - INFO - 成功寫入資料庫！
2026-02-16 22:02:30,964 - INFO - 檔案已移至 processed 資料夾
2026-02-16 22:02:43,517 - INFO - 使用檔名作為主提單號 (MAWB): IPC250426402EX
2026-02-16 22:02:43,519 - INFO - 開始處理檔案: IPC250426402EX.xlsx, MAWB: IPC250426402EX
2026-02-16 22:03:20,946 - INFO - 偵測為 [Old Format]，解析出 2654 筆資料。
2026-02-16 22:03:21,120 - INFO - 成功寫入資料庫！
2026-02-16 22:03:39,924 - INFO - 檔案已移至 processed 資料夾
2026-02-16 22:03:45,678 - INFO - 使用檔名作為主提單號 (MAWB): IPC250426404EX
2026-02-16 22:03:45,678 - INFO - 開始處理檔案: IPC250426404EX.xlsx, MAWB: IPC250426404EX
2026-02-16 22:03:54,783 - INFO - 偵測為 [Old Format]，解析出 2460 筆資料。
2026-02-16 22:03:54,939 - INFO - 成功寫入資料庫！
2026-02-16 22:03:58,560 - INFO - 檔案已移至 processed 資料夾
2026-02-16 22:04:10,489 - INFO - 使用檔名作為主提單號 (MAWB): IPC250426406EX
2026-02-16 22:04:10,490 - INFO - 開始處理檔案: IPC250426406EX.xlsx, MAWB: IPC250426406EX
2026-02-16 22:04:23,709 - INFO - 偵測為 [Old Format]，解析出 2806 筆資料。
2026-02-16 22:04:23,866 - INFO - 成功寫入資料庫！
2026-02-16 22:04:27,507 - INFO - 檔案已移至 processed 資料夾
2026-02-16 22:04:33,429 - INFO - 使用檔名作為主提單號 (MAWB): IPC250426408EX
2026-02-16 22:04:33,430 - INFO - 開始處理檔案: IPC250426408EX.xlsx, MAWB: IPC250426408EX
2026-02-16 22:04:45,130 - INFO - 舊格式匹配失敗 (舊格式欄位缺失: ['货物名称'])，嘗試新格式...
2026-02-16 22:04:55,272 - INFO - 偵測為 [New Format]，解析出 2511 筆資料。
2026-02-16 22:04:55,402 - INFO - 成功寫入資料庫！
2026-02-16 22:04:58,082 - INFO - 檔案已移至 processed 資料夾
2026-02-16 22:05:05,752 - INFO - 使用檔名作為主提單號 (MAWB): IPC250428410EX
2026-02-16 22:05:05,753 - INFO - 開始處理檔案: IPC250428410EX.xlsx, MAWB: IPC250428410EX
2026-02-16 22:05:19,194 - INFO - 偵測為 [Old Format]，解析出 2685 筆資料。
2026-02-16 22:05:19,340 - INFO - 成功寫入資料庫！
2026-02-16 22:06:12,207 - INFO - 檔案已移至 processed 資料夾
2026-02-16 22:06:17,883 - INFO - 使用檔名作為主提單號 (MAWB): IPC250428412EX
2026-02-16 22:06:17,885 - INFO - 開始處理檔案: IPC250428412EX.xlsx, MAWB: IPC250428412EX
2026-02-16 22:06:28,931 - INFO - 偵測為 [Old Format]，解析出 2648 筆資料。
2026-02-16 22:06:29,088 - INFO - 成功寫入資料庫！
2026-02-16 22:06:32,276 - INFO - 檔案已移至 processed 資料夾
2026-02-16 22:06:41,411 - INFO - 使用檔名作為主提單號 (MAWB): IPC250428413EX
2026-02-16 22:06:41,412 - INFO - 開始處理檔案: IPC250428413EX.xlsx, MAWB: IPC250428413EX
2026-02-16 22:06:55,364 - INFO - 偵測為 [Old Format]，解析出 2808 筆資料。
2026-02-16 22:06:55,508 - INFO - 成功寫入資料庫！
2026-02-16 22:06:58,574 - INFO - 檔案已移至 processed 資料夾
2026-02-16 22:07:11,554 - INFO - 使用檔名作為主提單號 (MAWB): IPC250429412EX
2026-02-16 22:07:11,554 - INFO - 開始處理檔案: IPC250429412EX.xlsx, MAWB: IPC250429412EX
2026-02-16 22:07:29,584 - INFO - 偵測為 [Old Format]，解析出 2809 筆資料。
2026-02-16 22:07:29,725 - INFO - 成功寫入資料庫！
2026-02-16 22:07:32,723 - INFO - 檔案已移至 processed 資料夾
2026-02-16 22:07:41,181 - INFO - 使用檔名作為主提單號 (MAWB): IPC250430401EX
2026-02-16 22:07:41,181 - INFO - 開始處理檔案: IPC250430401EX.xlsx, MAWB: IPC250430401EX
2026-02-16 22:07:54,708 - INFO - 偵測為 [Old Format]，解析出 2723 筆資料。
2026-02-16 22:07:54,869 - INFO - 成功寫入資料庫！
2026-02-16 22:07:58,699 - INFO - 檔案已移至 processed 資料夾
2026-02-16 22:08:06,292 - INFO - 使用檔名作為主提單號 (MAWB): IPC250430402EX
2026-02-16 22:08:06,293 - INFO - 開始處理檔案: IPC250430402EX.xlsx, MAWB: IPC250430402EX
2026-02-16 22:08:19,954 - INFO - 偵測為 [Old Format]，解析出 2409 筆資料。
2026-02-16 22:08:20,085 - INFO - 成功寫入資料庫！
2026-02-16 22:08:23,023 - INFO - 檔案已移至 processed 資料夾
2026-02-16 22:08:31,290 - INFO - 使用檔名作為主提單號 (MAWB): IPC250430403EX
2026-02-16 22:08:31,291 - INFO - 開始處理檔案: IPC250430403EX.xlsx, MAWB: IPC250430403EX
2026-02-16 22:08:44,451 - INFO - 偵測為 [Old Format]，解析出 2631 筆資料。
2026-02-16 22:08:44,589 - INFO - 成功寫入資料庫！
2026-02-16 22:08:46,898 - INFO - 檔案已移至 processed 資料夾
2026-02-16 22:09:18,145 - INFO - 使用檔名作為主提單號 (MAWB): IPC250503419EX
2026-02-16 22:09:18,145 - INFO - 開始處理檔案: IPC250503419EX.xlsx, MAWB: IPC250503419EX
2026-02-16 22:09:33,508 - INFO - 偵測為 [Old Format]，解析出 2928 筆資料。
2026-02-16 22:09:33,656 - INFO - 成功寫入資料庫！
2026-02-16 22:09:36,471 - INFO - 檔案已移至 processed 資料夾
2026-02-16 22:09:48,884 - INFO - 使用檔名作為主提單號 (MAWB): IPC250503425EX
2026-02-16 22:09:48,885 - INFO - 開始處理檔案: IPC250503425EX.xlsx, MAWB: IPC250503425EX
2026-02-16 22:10:04,619 - INFO - 偵測為 [Old Format]，解析出 2869 筆資料。
2026-02-16 22:10:04,810 - INFO - 成功寫入資料庫！
2026-02-16 22:10:07,566 - INFO - 檔案已移至 processed 資料夾
2026-02-16 22:10:13,161 - INFO - 使用檔名作為主提單號 (MAWB): IPC250503426EX
2026-02-16 22:10:13,163 - INFO - 開始處理檔案: IPC250503426EX.xlsx, MAWB: IPC250503426EX
2026-02-16 22:10:23,651 - INFO - 偵測為 [Old Format]，解析出 2 筆資料。
2026-02-16 22:10:23,675 - INFO - 成功寫入資料庫！
2026-02-16 22:10:30,943 - INFO - 檔案已移至 processed 資料夾
2026-02-16 22:10:39,420 - INFO - 使用檔名作為主提單號 (MAWB): IPC250503442EX
2026-02-16 22:10:39,421 - INFO - 開始處理檔案: IPC250503442EX.xlsx, MAWB: IPC250503442EX
2026-02-16 22:10:50,559 - INFO - 偵測為 [Old Format]，解析出 2566 筆資料。
2026-02-16 22:10:50,717 - INFO - 成功寫入資料庫！
2026-02-16 22:10:53,253 - INFO - 檔案已移至 processed 資料夾
2026-02-16 22:10:59,420 - INFO - 使用檔名作為主提單號 (MAWB): IPC250505412EX
2026-02-16 22:10:59,421 - INFO - 開始處理檔案: IPC250505412EX.xlsx, MAWB: IPC250505412EX
2026-02-16 22:11:08,964 - INFO - 偵測為 [Old Format]，解析出 2754 筆資料。
2026-02-16 22:11:09,103 - INFO - 成功寫入資料庫！
2026-02-16 22:11:11,687 - INFO - 檔案已移至 processed 資料夾
2026-02-16 22:11:19,007 - INFO - 使用檔名作為主提單號 (MAWB): IPC250505416EX
2026-02-16 22:11:19,008 - INFO - 開始處理檔案: IPC250505416EX.xlsx, MAWB: IPC250505416EX
2026-02-16 22:11:31,509 - INFO - 偵測為 [Old Format]，解析出 2844 筆資料。
2026-02-16 22:11:31,642 - INFO - 成功寫入資料庫！
2026-02-16 22:11:35,357 - INFO - 檔案已移至 processed 資料夾
2026-02-16 22:11:40,998 - INFO - 使用檔名作為主提單號 (MAWB): IPC250506405EX
2026-02-16 22:11:40,998 - INFO - 開始處理檔案: IPC250506405EX.xlsx, MAWB: IPC250506405EX
2026-02-16 22:11:52,483 - INFO - 偵測為 [Old Format]，解析出 2961 筆資料。
2026-02-16 22:11:52,649 - INFO - 成功寫入資料庫！
2026-02-16 22:11:54,986 - INFO - 檔案已移至 processed 資料夾
2026-02-16 22:12:01,826 - INFO - 使用檔名作為主提單號 (MAWB): IPC250507410EX
2026-02-16 22:12:01,827 - INFO - 開始處理檔案: IPC250507410EX.xlsx, MAWB: IPC250507410EX
2026-02-16 22:12:13,350 - INFO - 偵測為 [Old Format]，解析出 2871 筆資料。
2026-02-16 22:12:13,567 - INFO - 成功寫入資料庫！
2026-02-16 22:12:16,384 - INFO - 檔案已移至 processed 資料夾
2026-02-16 22:12:26,211 - INFO - 使用檔名作為主提單號 (MAWB): IPC250507411EX
2026-02-16 22:12:26,212 - INFO - 開始處理檔案: IPC250507411EX.xlsx, MAWB: IPC250507411EX
2026-02-16 22:12:39,909 - INFO - 偵測為 [Old Format]，解析出 2892 筆資料。
2026-02-16 22:12:40,055 - INFO - 成功寫入資料庫！
2026-02-16 22:12:43,642 - INFO - 檔案已移至 processed 資料夾
2026-02-16 22:12:54,021 - INFO - 使用檔名作為主提單號 (MAWB): IPC250508411EX
2026-02-16 22:12:54,022 - INFO - 開始處理檔案: IPC250508411EX.xlsx, MAWB: IPC250508411EX
2026-02-16 22:13:08,674 - INFO - 偵測為 [Old Format]，解析出 2949 筆資料。
2026-02-16 22:13:08,878 - INFO - 成功寫入資料庫！
2026-02-16 22:13:13,505 - INFO - 檔案已移至 processed 資料夾
2026-02-16 22:13:22,367 - INFO - 使用檔名作為主提單號 (MAWB): IPC250508413EX
2026-02-16 22:13:22,368 - INFO - 開始處理檔案: IPC250508413EX.xlsx, MAWB: IPC250508413EX
2026-02-16 22:13:34,833 - INFO - 偵測為 [Old Format]，解析出 2568 筆資料。
2026-02-16 22:13:34,953 - INFO - 成功寫入資料庫！
2026-02-16 22:13:38,043 - INFO - 檔案已移至 processed 資料夾
2026-02-16 22:13:47,795 - INFO - 使用檔名作為主提單號 (MAWB): IPC250510402EX
2026-02-16 22:13:47,796 - INFO - 開始處理檔案: IPC250510402EX.xlsx, MAWB: IPC250510402EX
2026-02-16 22:14:00,519 - INFO - 偵測為 [Old Format]，解析出 2955 筆資料。
2026-02-16 22:14:00,675 - INFO - 成功寫入資料庫！
2026-02-16 22:14:03,491 - INFO - 檔案已移至 processed 資料夾
2026-02-16 22:14:17,147 - INFO - 使用檔名作為主提單號 (MAWB): IPC250510403EX
2026-02-16 22:14:17,148 - INFO - 開始處理檔案: IPC250510403EX.xlsx, MAWB: IPC250510403EX
2026-02-16 22:14:36,158 - INFO - 偵測為 [Old Format]，解析出 2843 筆資料。
2026-02-16 22:14:36,297 - INFO - 成功寫入資料庫！
2026-02-16 22:14:39,996 - INFO - 檔案已移至 processed 資料夾
2026-02-16 22:14:47,446 - INFO - 使用檔名作為主提單號 (MAWB): IPC250510405EX
2026-02-16 22:14:47,447 - INFO - 開始處理檔案: IPC250510405EX.xlsx, MAWB: IPC250510405EX
2026-02-16 22:14:56,944 - INFO - 偵測為 [Old Format]，解析出 2343 筆資料。
2026-02-16 22:14:57,231 - INFO - 成功寫入資料庫！
2026-02-16 22:15:00,064 - INFO - 檔案已移至 processed 資料夾
2026-02-16 22:15:05,246 - INFO - 使用檔名作為主提單號 (MAWB): IPC250510406EX
2026-02-16 22:15:05,247 - INFO - 開始處理檔案: IPC250510406EX.xlsx, MAWB: IPC250510406EX
2026-02-16 22:15:11,396 - INFO - 偵測為 [Old Format]，解析出 1 筆資料。
2026-02-16 22:15:11,421 - INFO - 成功寫入資料庫！
2026-02-16 22:15:13,296 - INFO - 檔案已移至 processed 資料夾
2026-02-16 22:15:19,435 - INFO - 使用檔名作為主提單號 (MAWB): IPC250512410EX
2026-02-16 22:15:19,441 - INFO - 開始處理檔案: IPC250512410EX.xlsx, MAWB: IPC250512410EX
2026-02-16 22:15:30,690 - INFO - 偵測為 [Old Format]，解析出 2759 筆資料。
2026-02-16 22:15:30,823 - INFO - 成功寫入資料庫！
2026-02-16 22:15:34,591 - INFO - 檔案已移至 processed 資料夾
2026-02-16 22:15:44,227 - INFO - 使用檔名作為主提單號 (MAWB): IPC250512413EX
2026-02-16 22:15:44,228 - INFO - 開始處理檔案: IPC250512413EX.xlsx, MAWB: IPC250512413EX
2026-02-16 22:16:00,074 - INFO - 偵測為 [Old Format]，解析出 3188 筆資料。
2026-02-16 22:16:00,243 - INFO - 成功寫入資料庫！
2026-02-16 22:16:02,709 - INFO - 檔案已移至 processed 資料夾
2026-02-16 22:16:12,799 - INFO - 使用檔名作為主提單號 (MAWB): IPC250513721EX
2026-02-16 22:16:12,800 - INFO - 開始處理檔案: IPC250513721EX.xlsx, MAWB: IPC250513721EX
2026-02-16 22:16:25,583 - INFO - 偵測為 [Old Format]，解析出 2954 筆資料。
2026-02-16 22:16:25,736 - INFO - 成功寫入資料庫！
2026-02-16 22:16:29,189 - INFO - 檔案已移至 processed 資料夾
2026-02-16 22:16:35,151 - INFO - 使用檔名作為主提單號 (MAWB): IPC250609405EX
2026-02-16 22:16:35,152 - INFO - 開始處理檔案: IPC250609405EX.xlsx, MAWB: IPC250609405EX
2026-02-16 22:16:44,138 - INFO - 偵測為 [Old Format]，解析出 2650 筆資料。
2026-02-16 22:16:44,290 - INFO - 成功寫入資料庫！
2026-02-16 22:16:47,090 - INFO - 檔案已移至 processed 資料夾
2026-02-16 22:16:55,149 - INFO - 使用檔名作為主提單號 (MAWB): IPC250609406EX
2026-02-16 22:16:55,149 - INFO - 開始處理檔案: IPC250609406EX.xlsx, MAWB: IPC250609406EX
2026-02-16 22:17:08,582 - INFO - 偵測為 [Old Format]，解析出 2155 筆資料。
2026-02-16 22:17:08,699 - INFO - 成功寫入資料庫！
2026-02-16 22:17:11,121 - INFO - 檔案已移至 processed 資料夾
2026-02-16 22:17:21,739 - INFO - 使用檔名作為主提單號 (MAWB): IPC250610412EX
2026-02-16 22:17:21,739 - INFO - 開始處理檔案: IPC250610412EX.xlsx, MAWB: IPC250610412EX
2026-02-16 22:17:34,333 - INFO - 偵測為 [Old Format]，解析出 3242 筆資料。
2026-02-16 22:17:34,515 - INFO - 成功寫入資料庫！
2026-02-16 22:17:38,817 - INFO - 檔案已移至 processed 資料夾
2026-02-16 22:17:48,299 - INFO - 使用檔名作為主提單號 (MAWB): IPC250611720EX
2026-02-16 22:17:48,300 - INFO - 開始處理檔案: IPC250611720EX.xlsx, MAWB: IPC250611720EX
2026-02-16 22:18:02,167 - INFO - 偵測為 [Old Format]，解析出 2579 筆資料。
2026-02-16 22:18:02,313 - INFO - 成功寫入資料庫！
2026-02-16 22:18:04,810 - INFO - 檔案已移至 processed 資料夾
2026-02-16 22:18:09,901 - INFO - 使用檔名作為主提單號 (MAWB): IPC250612404EX
2026-02-16 22:18:09,901 - INFO - 開始處理檔案: IPC250612404EX.xlsx, MAWB: IPC250612404EX
2026-02-16 22:18:17,273 - INFO - 偵測為 [Old Format]，解析出 1 筆資料。
2026-02-16 22:18:17,299 - INFO - 成功寫入資料庫！
2026-02-16 22:18:19,534 - INFO - 檔案已移至 processed 資料夾
2026-02-16 22:18:28,167 - INFO - 使用檔名作為主提單號 (MAWB): IPC250614402EX
2026-02-16 22:18:28,167 - INFO - 開始處理檔案: IPC250614402EX.xlsx, MAWB: IPC250614402EX
2026-02-16 22:18:42,047 - INFO - 偵測為 [Old Format]，解析出 2971 筆資料。
2026-02-16 22:18:42,220 - INFO - 成功寫入資料庫！
2026-02-16 22:18:45,886 - INFO - 檔案已移至 processed 資料夾
2026-02-16 22:18:55,025 - INFO - 使用檔名作為主提單號 (MAWB): IPC250616403EX
2026-02-16 22:18:55,026 - INFO - 開始處理檔案: IPC250616403EX.xlsx, MAWB: IPC250616403EX
2026-02-16 22:19:07,807 - INFO - 偵測為 [Old Format]，解析出 2862 筆資料。
2026-02-16 22:19:07,962 - INFO - 成功寫入資料庫！
2026-02-16 22:19:10,502 - INFO - 檔案已移至 processed 資料夾
2026-02-16 22:19:19,703 - INFO - 使用檔名作為主提單號 (MAWB): IPC250616404EX
2026-02-16 22:19:19,704 - INFO - 開始處理檔案: IPC250616404EX.xlsx, MAWB: IPC250616404EX
2026-02-16 22:19:34,323 - INFO - 偵測為 [Old Format]，解析出 3501 筆資料。
2026-02-16 22:19:34,518 - INFO - 成功寫入資料庫！
2026-02-16 22:19:39,106 - INFO - 檔案已移至 processed 資料夾
2026-02-16 22:19:45,539 - INFO - 使用檔名作為主提單號 (MAWB): IPC250702402EX
2026-02-16 22:19:45,539 - INFO - 開始處理檔案: IPC250702402EX.xlsx, MAWB: IPC250702402EX
2026-02-16 22:19:55,821 - INFO - 偵測為 [Old Format]，解析出 3043 筆資料。
2026-02-16 22:19:56,050 - INFO - 成功寫入資料庫！
2026-02-16 22:20:00,173 - INFO - 檔案已移至 processed 資料夾
2026-02-16 22:20:08,562 - INFO - 使用檔名作為主提單號 (MAWB): IPC250705404EX
2026-02-16 22:20:08,562 - INFO - 開始處理檔案: IPC250705404EX.xlsx, MAWB: IPC250705404EX
2026-02-16 22:20:20,310 - INFO - 偵測為 [Old Format]，解析出 2780 筆資料。
2026-02-16 22:20:20,509 - INFO - 成功寫入資料庫！
2026-02-16 22:20:24,551 - INFO - 檔案已移至 processed 資料夾
2026-02-16 22:20:35,673 - INFO - 使用檔名作為主提單號 (MAWB): IPC250705405EX
2026-02-16 22:20:35,673 - INFO - 開始處理檔案: IPC250705405EX.xlsx, MAWB: IPC250705405EX
2026-02-16 22:20:49,222 - INFO - 偵測為 [Old Format]，解析出 3525 筆資料。
2026-02-16 22:20:49,469 - INFO - 成功寫入資料庫！
2026-02-16 22:20:52,435 - INFO - 檔案已移至 processed 資料夾
2026-02-16 22:21:01,386 - INFO - A1 欄位內容 '主提單號碼:' 不符合純英數格式 (可能是中文標題)，將忽略 A1。
2026-02-16 22:21:01,387 - INFO - 使用檔名作為主提單號 (MAWB): IPC250710412EX
2026-02-16 22:21:01,388 - INFO - 開始處理檔案: IPC250710412EX.xlsx, MAWB: IPC250710412EX
2026-02-16 22:21:18,337 - INFO - 舊格式匹配失敗 (非舊格式特徵)，嘗試新格式...
2026-02-16 22:21:32,873 - INFO - 偵測為 [New Format]，解析出 6358 筆資料。
2026-02-16 22:21:33,135 - INFO - 成功寫入資料庫！
2026-02-16 22:21:36,557 - INFO - 檔案已移至 processed 資料夾
2026-02-16 22:21:46,956 - INFO - 使用檔名作為主提單號 (MAWB): IPC250715415EX
2026-02-16 22:21:46,957 - INFO - 開始處理檔案: IPC250715415EX.xlsx, MAWB: IPC250715415EX
2026-02-16 22:22:00,020 - INFO - 偵測為 [Old Format]，解析出 2883 筆資料。
2026-02-16 22:22:00,200 - INFO - 成功寫入資料庫！
2026-02-16 22:22:02,930 - INFO - 檔案已移至 processed 資料夾
2026-02-16 22:22:13,119 - INFO - 使用檔名作為主提單號 (MAWB): IPC250901404EX
2026-02-16 22:22:13,120 - INFO - 開始處理檔案: IPC250901404EX.xlsx, MAWB: IPC250901404EX
2026-02-16 22:22:25,662 - INFO - 偵測為 [Old Format]，解析出 2915 筆資料。
2026-02-16 22:22:25,835 - INFO - 成功寫入資料庫！
2026-02-16 22:22:29,586 - INFO - 檔案已移至 processed 資料夾
2026-02-16 22:22:39,375 - INFO - A1 欄位內容 '主提單號碼:' 不符合純英數格式 (可能是中文標題)，將忽略 A1。
2026-02-16 22:22:39,376 - INFO - 使用檔名作為主提單號 (MAWB): IPC250906412EX
2026-02-16 22:22:39,377 - INFO - 開始處理檔案: IPC250906412EX.xlsx, MAWB: IPC250906412EX
2026-02-16 22:22:52,701 - INFO - 舊格式匹配失敗 (非舊格式特徵)，嘗試新格式...
2026-02-16 22:23:04,991 - INFO - 偵測為 [New Format]，解析出 719 筆資料。
2026-02-16 22:23:05,077 - ERROR - 處理檔案 IPC250906412EX.xlsx 時發生未預期錯誤: Execution failed on sql 'INSERT INTO table_a_raw (hawb_no, item_no, description_original, qty, qty_unit, unit_price, total_amount, currency, consignee_name, consignee_id, consignee_phone, mawb_no, processing_status) VALUES (:hawb_no, :item_no, :description_original, :qty, :qty_unit, :unit_price, :total_amount, :currency, :consignee_name, :consignee_id, :consignee_phone, :mawb_no, :processing_status)': (pymysql.err.DataError) (1406, "Data too long for column 'description_original' at row 623")
[SQL: INSERT INTO table_a_raw (hawb_no, item_no, description_original, qty, qty_unit, unit_price, total_amount, currency, consignee_name, consignee_id, consignee_phone, mawb_no, processing_status) VALUES (%(hawb_no)s, %(item_no)s, %(description_original)s, %(qty)s, %(qty_unit)s, %(unit_price)s, %(total_amount)s, %(currency)s, %(consignee_name)s, %(consignee_id)s, %(consignee_phone)s, %(mawb_no)s, %(processing_status)s)]
[parameters: [{'hawb_no': 'LY175689238999', 'item_no': 1, 'description_original': '置物架', 'qty': 2, 'qty_unit': 'PCE', 'unit_price': 568, 'total_amount': 1136, 'currency': 'TWD', 'consignee_name': None, 'consignee_id': None, 'consignee_phone': None, 'mawb_no': 'IPC250906412EX', 'processing_status': 'PENDING'}, {'hawb_no': 'LY175689238999', 'item_no': 2, 'description_original': '毛巾架', 'qty': 1, 'qty_unit': 'PCE', 'unit_price': 495, 'total_amount': 495, 'currency': 'TWD', 'consignee_name': None, 'consignee_id': None, 'consignee_phone': None, 'mawb_no': 'IPC250906412EX', 'processing_status': 'PENDING'}, {'hawb_no': 'LY175690017514', 'item_no': 1, 'description_original': '衣櫃螺絲', 'qty': 1, 'qty_unit': 'PCE', 'unit_price': 50, 'total_amount': 50, 'currency': 'TWD', 'consignee_name': None, 'consignee_id': None, 'consignee_phone': None, 'mawb_no': 'IPC250906412EX', 'processing_status': 'PENDING'}, {'hawb_no': 'LY175690017514', 'item_no': 2, 'description_original': 'PP托盤', 'qty': 1, 'qty_unit': 'PCE', 'unit_price': 50, 'total_amount': 50, 'currency': 'TWD', 'consignee_name': None, 'consignee_id': None, 'consignee_phone': None, 'mawb_no': 'IPC250906412EX', 'processing_status': 'PENDING'}, {'hawb_no': 'LY175690017514', 'item_no': 3, 'description_original': '補發漏水', 'qty': 1, 'qty_unit': 'PCE', 'unit_price': 5, 'total_amount': 5, 'currency': 'TWD', 'consignee_name': None, 'consignee_id': None, 'consignee_phone': None, 'mawb_no': 'IPC250906412EX', 'processing_status': 'PENDING'}, {'hawb_no': 'LY175690017514', 'item_no': 4, 'description_original': '补差价/邮费', 'qty': 1, 'qty_unit': 'PCE', 'unit_price': 5, 'total_amount': 5, 'currency': 'TWD', 'consignee_name': None, 'consignee_id': None, 'consignee_phone': None, 'mawb_no': 'IPC250906412EX', 'processing_status': 'PENDING'}, {'hawb_no': 'LY175694839931', 'item_no': 1, 'description_original': '男士包袋', 'qty': 1, 'qty_unit': 'PCE', 'unit_price': 2730, 'total_amount': 2730, 'currency': 'TWD', 'consignee_name': None, 'consignee_id': None, 'consignee_phone': None, 'mawb_no': 'IPC250906412EX', 'processing_status': 'PENDING'}, {'hawb_no': 'LY175694845417', 'item_no': 1, 'description_original': '睡衣，清潔劑，衣服，油漆刷，褲子，壁貼，童裝', 'qty': 19, 'qty_unit': 'PCE', 'unit_price': 300, 'total_amount': 5700, 'currency': 'TWD', 'consignee_name': None, 'consignee_id': None, 'consignee_phone': None, 'mawb_no': 'IPC250906412EX', 'processing_status': 'PENDING'}  ... displaying 10 of 719 total bound parameter sets ...  {'hawb_no': 'LY175698665292', 'item_no': 3, 'description_original': '守宫箱肥尾缸盒', 'qty': 1, 'qty_unit': 'PCE', 'unit_price': 1365, 'total_amount': 1365, 'currency': 'TWD', 'consignee_name': None, 'consignee_id': None, 'consignee_phone': None, 'mawb_no': 'IPC250906412EX', 'processing_status': 'PENDING'}, {'hawb_no': 'LY175698665292', 'item_no': 4, 'description_original': '守宫花朵磁吸攀爬棒', 'qty': 2, 'qty_unit': 'PCE', 'unit_price': 150, 'total_amount': 300, 'currency': 'TWD', 'consignee_name': None, 'consignee_id': None, 'consignee_phone': None, 'mawb_no': 'IPC250906412EX', 'processing_status': 'PENDING'}]]
(Background on this error at: https://sqlalche.me/e/20/9h9h)
Traceback (most recent call last):
  File "/usr/local/lib64/python3.12/site-packages/sqlalchemy/engine/base.py", line 1936, in _exec_single_context
    self.dialect.do_executemany(
  File "/usr/local/lib64/python3.12/site-packages/sqlalchemy/dialects/mysql/mysqldb.py", line 196, in do_executemany
    rowcount = cursor.executemany(statement, parameters)
               ^^^^^^^^^^^^^^^^^^^^^^^^^^^^^^^^^^^^^^^^^
  File "/usr/local/lib/python3.12/site-packages/pymysql/cursors.py", line 182, in executemany
    return self._do_execute_many(
           ^^^^^^^^^^^^^^^^^^^^^^
  File "/usr/local/lib/python3.12/site-packages/pymysql/cursors.py", line 220, in _do_execute_many
    rows += self.execute(sql + postfix)
            ^^^^^^^^^^^^^^^^^^^^^^^^^^^
  File "/usr/local/lib/python3.12/site-packages/pymysql/cursors.py", line 153, in execute
    result = self._query(query)
             ^^^^^^^^^^^^^^^^^^
  File "/usr/local/lib/python3.12/site-packages/pymysql/cursors.py", line 322, in _query
    conn.query(q)
  File "/usr/local/lib/python3.12/site-packages/pymysql/connections.py", line 575, in query
    self._affected_rows = self._read_query_result(unbuffered=unbuffered)
                          ^^^^^^^^^^^^^^^^^^^^^^^^^^^^^^^^^^^^^^^^^^^^^^
  File "/usr/local/lib/python3.12/site-packages/pymysql/connections.py", line 826, in _read_query_result
    result.read()
  File "/usr/local/lib/python3.12/site-packages/pymysql/connections.py", line 1203, in read
    first_packet = self.connection._read_packet()
                   ^^^^^^^^^^^^^^^^^^^^^^^^^^^^^^
  File "/usr/local/lib/python3.12/site-packages/pymysql/connections.py", line 782, in _read_packet
    packet.raise_for_error()
  File "/usr/local/lib/python3.12/site-packages/pymysql/protocol.py", line 219, in raise_for_error
    err.raise_mysql_exception(self._data)
  File "/usr/local/lib/python3.12/site-packages/pymysql/err.py", line 150, in raise_mysql_exception
    raise errorclass(errno, errval)
pymysql.err.DataError: (1406, "Data too long for column 'description_original' at row 623")

The above exception was the direct cause of the following exception:

Traceback (most recent call last):
  File "/usr/local/lib64/python3.12/site-packages/pandas/io/sql.py", line 1679, in execute
    return execute_function(sql, *args)
           ^^^^^^^^^^^^^^^^^^^^^^^^^^^^
  File "/usr/local/lib64/python3.12/site-packages/sqlalchemy/engine/base.py", line 1419, in execute
    return meth(
           ^^^^^
  File "/usr/local/lib64/python3.12/site-packages/sqlalchemy/sql/elements.py", line 527, in _execute_on_connection
    return connection._execute_clauseelement(
           ^^^^^^^^^^^^^^^^^^^^^^^^^^^^^^^^^^
  File "/usr/local/lib64/python3.12/site-packages/sqlalchemy/engine/base.py", line 1641, in _execute_clauseelement
    ret = self._execute_context(
          ^^^^^^^^^^^^^^^^^^^^^^
  File "/usr/local/lib64/python3.12/site-packages/sqlalchemy/engine/base.py", line 1846, in _execute_context
    return self._exec_single_context(
           ^^^^^^^^^^^^^^^^^^^^^^^^^^
  File "/usr/local/lib64/python3.12/site-packages/sqlalchemy/engine/base.py", line 1986, in _exec_single_context
    self._handle_dbapi_exception(
  File "/usr/local/lib64/python3.12/site-packages/sqlalchemy/engine/base.py", line 2363, in _handle_dbapi_exception
    raise sqlalchemy_exception.with_traceback(exc_info[2]) from e
  File "/usr/local/lib64/python3.12/site-packages/sqlalchemy/engine/base.py", line 1936, in _exec_single_context
    self.dialect.do_executemany(
  File "/usr/local/lib64/python3.12/site-packages/sqlalchemy/dialects/mysql/mysqldb.py", line 196, in do_executemany
    rowcount = cursor.executemany(statement, parameters)
               ^^^^^^^^^^^^^^^^^^^^^^^^^^^^^^^^^^^^^^^^^
  File "/usr/local/lib/python3.12/site-packages/pymysql/cursors.py", line 182, in executemany
    return self._do_execute_many(
           ^^^^^^^^^^^^^^^^^^^^^^
  File "/usr/local/lib/python3.12/site-packages/pymysql/cursors.py", line 220, in _do_execute_many
    rows += self.execute(sql + postfix)
            ^^^^^^^^^^^^^^^^^^^^^^^^^^^
  File "/usr/local/lib/python3.12/site-packages/pymysql/cursors.py", line 153, in execute
    result = self._query(query)
             ^^^^^^^^^^^^^^^^^^
  File "/usr/local/lib/python3.12/site-packages/pymysql/cursors.py", line 322, in _query
    conn.query(q)
  File "/usr/local/lib/python3.12/site-packages/pymysql/connections.py", line 575, in query
    self._affected_rows = self._read_query_result(unbuffered=unbuffered)
                          ^^^^^^^^^^^^^^^^^^^^^^^^^^^^^^^^^^^^^^^^^^^^^^
  File "/usr/local/lib/python3.12/site-packages/pymysql/connections.py", line 826, in _read_query_result
    result.read()
  File "/usr/local/lib/python3.12/site-packages/pymysql/connections.py", line 1203, in read
    first_packet = self.connection._read_packet()
                   ^^^^^^^^^^^^^^^^^^^^^^^^^^^^^^
  File "/usr/local/lib/python3.12/site-packages/pymysql/connections.py", line 782, in _read_packet
    packet.raise_for_error()
  File "/usr/local/lib/python3.12/site-packages/pymysql/protocol.py", line 219, in raise_for_error
    err.raise_mysql_exception(self._data)
  File "/usr/local/lib/python3.12/site-packages/pymysql/err.py", line 150, in raise_mysql_exception
    raise errorclass(errno, errval)
sqlalchemy.exc.DataError: (pymysql.err.DataError) (1406, "Data too long for column 'description_original' at row 623")
[SQL: INSERT INTO table_a_raw (hawb_no, item_no, description_original, qty, qty_unit, unit_price, total_amount, currency, consignee_name, consignee_id, consignee_phone, mawb_no, processing_status) VALUES (%(hawb_no)s, %(item_no)s, %(description_original)s, %(qty)s, %(qty_unit)s, %(unit_price)s, %(total_amount)s, %(currency)s, %(consignee_name)s, %(consignee_id)s, %(consignee_phone)s, %(mawb_no)s, %(processing_status)s)]
[parameters: [{'hawb_no': 'LY175689238999', 'item_no': 1, 'description_original': '置物架', 'qty': 2, 'qty_unit': 'PCE', 'unit_price': 568, 'total_amount': 1136, 'currency': 'TWD', 'consignee_name': None, 'consignee_id': None, 'consignee_phone': None, 'mawb_no': 'IPC250906412EX', 'processing_status': 'PENDING'}, {'hawb_no': 'LY175689238999', 'item_no': 2, 'description_original': '毛巾架', 'qty': 1, 'qty_unit': 'PCE', 'unit_price': 495, 'total_amount': 495, 'currency': 'TWD', 'consignee_name': None, 'consignee_id': None, 'consignee_phone': None, 'mawb_no': 'IPC250906412EX', 'processing_status': 'PENDING'}, {'hawb_no': 'LY175690017514', 'item_no': 1, 'description_original': '衣櫃螺絲', 'qty': 1, 'qty_unit': 'PCE', 'unit_price': 50, 'total_amount': 50, 'currency': 'TWD', 'consignee_name': None, 'consignee_id': None, 'consignee_phone': None, 'mawb_no': 'IPC250906412EX', 'processing_status': 'PENDING'}, {'hawb_no': 'LY175690017514', 'item_no': 2, 'description_original': 'PP托盤', 'qty': 1, 'qty_unit': 'PCE', 'unit_price': 50, 'total_amount': 50, 'currency': 'TWD', 'consignee_name': None, 'consignee_id': None, 'consignee_phone': None, 'mawb_no': 'IPC250906412EX', 'processing_status': 'PENDING'}, {'hawb_no': 'LY175690017514', 'item_no': 3, 'description_original': '補發漏水', 'qty': 1, 'qty_unit': 'PCE', 'unit_price': 5, 'total_amount': 5, 'currency': 'TWD', 'consignee_name': None, 'consignee_id': None, 'consignee_phone': None, 'mawb_no': 'IPC250906412EX', 'processing_status': 'PENDING'}, {'hawb_no': 'LY175690017514', 'item_no': 4, 'description_original': '补差价/邮费', 'qty': 1, 'qty_unit': 'PCE', 'unit_price': 5, 'total_amount': 5, 'currency': 'TWD', 'consignee_name': None, 'consignee_id': None, 'consignee_phone': None, 'mawb_no': 'IPC250906412EX', 'processing_status': 'PENDING'}, {'hawb_no': 'LY175694839931', 'item_no': 1, 'description_original': '男士包袋', 'qty': 1, 'qty_unit': 'PCE', 'unit_price': 2730, 'total_amount': 2730, 'currency': 'TWD', 'consignee_name': None, 'consignee_id': None, 'consignee_phone': None, 'mawb_no': 'IPC250906412EX', 'processing_status': 'PENDING'}, {'hawb_no': 'LY175694845417', 'item_no': 1, 'description_original': '睡衣，清潔劑，衣服，油漆刷，褲子，壁貼，童裝', 'qty': 19, 'qty_unit': 'PCE', 'unit_price': 300, 'total_amount': 5700, 'currency': 'TWD', 'consignee_name': None, 'consignee_id': None, 'consignee_phone': None, 'mawb_no': 'IPC250906412EX', 'processing_status': 'PENDING'}  ... displaying 10 of 719 total bound parameter sets ...  {'hawb_no': 'LY175698665292', 'item_no': 3, 'description_original': '守宫箱肥尾缸盒', 'qty': 1, 'qty_unit': 'PCE', 'unit_price': 1365, 'total_amount': 1365, 'currency': 'TWD', 'consignee_name': None, 'consignee_id': None, 'consignee_phone': None, 'mawb_no': 'IPC250906412EX', 'processing_status': 'PENDING'}, {'hawb_no': 'LY175698665292', 'item_no': 4, 'description_original': '守宫花朵磁吸攀爬棒', 'qty': 2, 'qty_unit': 'PCE', 'unit_price': 150, 'total_amount': 300, 'currency': 'TWD', 'consignee_name': None, 'consignee_id': None, 'consignee_phone': None, 'mawb_no': 'IPC250906412EX', 'processing_status': 'PENDING'}]]
(Background on this error at: https://sqlalche.me/e/20/9h9h)

The above exception was the direct cause of the following exception:

Traceback (most recent call last):
  File "/mnt/gdrive/SeaExpress_Automation_Project/SeaExpress_Core/src/process_excel_order.py", line 235, in process_excel_file
    db_df.to_sql('table_a_raw', con=engine, if_exists='append', index=False)
  File "/usr/local/lib64/python3.12/site-packages/pandas/core/generic.py", line 3052, in to_sql
    return sql.to_sql(
           ^^^^^^^^^^^
  File "/usr/local/lib64/python3.12/site-packages/pandas/io/sql.py", line 841, in to_sql
    return pandas_sql.to_sql(
           ^^^^^^^^^^^^^^^^^^
  File "/usr/local/lib64/python3.12/site-packages/pandas/io/sql.py", line 2037, in to_sql
    total_inserted = sql_engine.insert_records(
                     ^^^^^^^^^^^^^^^^^^^^^^^^^^
  File "/usr/local/lib64/python3.12/site-packages/pandas/io/sql.py", line 1571, in insert_records
    return table.insert(chunksize=chunksize, method=method)
           ^^^^^^^^^^^^^^^^^^^^^^^^^^^^^^^^^^^^^^^^^^^^^^^^
  File "/usr/local/lib64/python3.12/site-packages/pandas/io/sql.py", line 1122, in insert
    num_inserted = exec_insert(conn, keys, chunk_iter)
                   ^^^^^^^^^^^^^^^^^^^^^^^^^^^^^^^^^^^
  File "/usr/local/lib64/python3.12/site-packages/pandas/io/sql.py", line 1014, in _execute_insert
    result = self.pd_sql.execute(self.table.insert(), data)
             ^^^^^^^^^^^^^^^^^^^^^^^^^^^^^^^^^^^^^^^^^^^^^^
  File "/usr/local/lib64/python3.12/site-packages/pandas/io/sql.py", line 1681, in execute
    raise DatabaseError(f"Execution failed on sql '{sql}': {exc}") from exc
pandas.errors.DatabaseError: Execution failed on sql 'INSERT INTO table_a_raw (hawb_no, item_no, description_original, qty, qty_unit, unit_price, total_amount, currency, consignee_name, consignee_id, consignee_phone, mawb_no, processing_status) VALUES (:hawb_no, :item_no, :description_original, :qty, :qty_unit, :unit_price, :total_amount, :currency, :consignee_name, :consignee_id, :consignee_phone, :mawb_no, :processing_status)': (pymysql.err.DataError) (1406, "Data too long for column 'description_original' at row 623")
[SQL: INSERT INTO table_a_raw (hawb_no, item_no, description_original, qty, qty_unit, unit_price, total_amount, currency, consignee_name, consignee_id, consignee_phone, mawb_no, processing_status) VALUES (%(hawb_no)s, %(item_no)s, %(description_original)s, %(qty)s, %(qty_unit)s, %(unit_price)s, %(total_amount)s, %(currency)s, %(consignee_name)s, %(consignee_id)s, %(consignee_phone)s, %(mawb_no)s, %(processing_status)s)]
[parameters: [{'hawb_no': 'LY175689238999', 'item_no': 1, 'description_original': '置物架', 'qty': 2, 'qty_unit': 'PCE', 'unit_price': 568, 'total_amount': 1136, 'currency': 'TWD', 'consignee_name': None, 'consignee_id': None, 'consignee_phone': None, 'mawb_no': 'IPC250906412EX', 'processing_status': 'PENDING'}, {'hawb_no': 'LY175689238999', 'item_no': 2, 'description_original': '毛巾架', 'qty': 1, 'qty_unit': 'PCE', 'unit_price': 495, 'total_amount': 495, 'currency': 'TWD', 'consignee_name': None, 'consignee_id': None, 'consignee_phone': None, 'mawb_no': 'IPC250906412EX', 'processing_status': 'PENDING'}, {'hawb_no': 'LY175690017514', 'item_no': 1, 'description_original': '衣櫃螺絲', 'qty': 1, 'qty_unit': 'PCE', 'unit_price': 50, 'total_amount': 50, 'currency': 'TWD', 'consignee_name': None, 'consignee_id': None, 'consignee_phone': None, 'mawb_no': 'IPC250906412EX', 'processing_status': 'PENDING'}, {'hawb_no': 'LY175690017514', 'item_no': 2, 'description_original': 'PP托盤', 'qty': 1, 'qty_unit': 'PCE', 'unit_price': 50, 'total_amount': 50, 'currency': 'TWD', 'consignee_name': None, 'consignee_id': None, 'consignee_phone': None, 'mawb_no': 'IPC250906412EX', 'processing_status': 'PENDING'}, {'hawb_no': 'LY175690017514', 'item_no': 3, 'description_original': '補發漏水', 'qty': 1, 'qty_unit': 'PCE', 'unit_price': 5, 'total_amount': 5, 'currency': 'TWD', 'consignee_name': None, 'consignee_id': None, 'consignee_phone': None, 'mawb_no': 'IPC250906412EX', 'processing_status': 'PENDING'}, {'hawb_no': 'LY175690017514', 'item_no': 4, 'description_original': '补差价/邮费', 'qty': 1, 'qty_unit': 'PCE', 'unit_price': 5, 'total_amount': 5, 'currency': 'TWD', 'consignee_name': None, 'consignee_id': None, 'consignee_phone': None, 'mawb_no': 'IPC250906412EX', 'processing_status': 'PENDING'}, {'hawb_no': 'LY175694839931', 'item_no': 1, 'description_original': '男士包袋', 'qty': 1, 'qty_unit': 'PCE', 'unit_price': 2730, 'total_amount': 2730, 'currency': 'TWD', 'consignee_name': None, 'consignee_id': None, 'consignee_phone': None, 'mawb_no': 'IPC250906412EX', 'processing_status': 'PENDING'}, {'hawb_no': 'LY175694845417', 'item_no': 1, 'description_original': '睡衣，清潔劑，衣服，油漆刷，褲子，壁貼，童裝', 'qty': 19, 'qty_unit': 'PCE', 'unit_price': 300, 'total_amount': 5700, 'currency': 'TWD', 'consignee_name': None, 'consignee_id': None, 'consignee_phone': None, 'mawb_no': 'IPC250906412EX', 'processing_status': 'PENDING'}  ... displaying 10 of 719 total bound parameter sets ...  {'hawb_no': 'LY175698665292', 'item_no': 3, 'description_original': '守宫箱肥尾缸盒', 'qty': 1, 'qty_unit': 'PCE', 'unit_price': 1365, 'total_amount': 1365, 'currency': 'TWD', 'consignee_name': None, 'consignee_id': None, 'consignee_phone': None, 'mawb_no': 'IPC250906412EX', 'processing_status': 'PENDING'}, {'hawb_no': 'LY175698665292', 'item_no': 4, 'description_original': '守宫花朵磁吸攀爬棒', 'qty': 2, 'qty_unit': 'PCE', 'unit_price': 150, 'total_amount': 300, 'currency': 'TWD', 'consignee_name': None, 'consignee_id': None, 'consignee_phone': None, 'mawb_no': 'IPC250906412EX', 'processing_status': 'PENDING'}]]
(Background on this error at: https://sqlalche.me/e/20/9h9h)
2026-02-16 22:23:15,664 - INFO - A1 欄位內容 '主提單號碼:' 不符合純英數格式 (可能是中文標題)，將忽略 A1。
2026-02-16 22:23:15,664 - INFO - 使用檔名作為主提單號 (MAWB): IPC250908409EX
2026-02-16 22:23:15,664 - INFO - 開始處理檔案: IPC250908409EX.xlsx, MAWB: IPC250908409EX
2026-02-16 22:23:31,569 - INFO - 舊格式匹配失敗 (非舊格式特徵)，嘗試新格式...
2026-02-16 22:23:45,266 - INFO - 偵測為 [New Format]，解析出 3525 筆資料。
2026-02-16 22:23:45,474 - INFO - 成功寫入資料庫！
2026-02-16 22:23:49,668 - INFO - 檔案已移至 processed 資料夾
2026-02-16 22:23:58,224 - INFO - A1 欄位內容 '主提單號碼:' 不符合純英數格式 (可能是中文標題)，將忽略 A1。
2026-02-16 22:23:58,225 - INFO - 使用檔名作為主提單號 (MAWB): IPC250908410EX
2026-02-16 22:23:58,225 - INFO - 開始處理檔案: IPC250908410EX.xlsx, MAWB: IPC250908410EX
2026-02-16 22:24:09,569 - INFO - 舊格式匹配失敗 (非舊格式特徵)，嘗試新格式...
2026-02-16 22:24:19,926 - INFO - 偵測為 [New Format]，解析出 1809 筆資料。
2026-02-16 22:24:20,020 - INFO - 成功寫入資料庫！
2026-02-16 22:24:23,399 - INFO - 檔案已移至 processed 資料夾
2026-02-16 22:24:32,602 - INFO - A1 欄位內容 '主提單號碼:' 不符合純英數格式 (可能是中文標題)，將忽略 A1。
2026-02-16 22:24:32,603 - INFO - 使用檔名作為主提單號 (MAWB): IPC250908412EX
2026-02-16 22:24:32,603 - INFO - 開始處理檔案: IPC250908412EX.xlsx, MAWB: IPC250908412EX
2026-02-16 22:24:44,884 - INFO - 舊格式匹配失敗 (非舊格式特徵)，嘗試新格式...
2026-02-16 22:24:59,167 - INFO - 偵測為 [New Format]，解析出 15 筆資料。
2026-02-16 22:24:59,200 - INFO - 成功寫入資料庫！
2026-02-16 22:25:02,157 - INFO - 檔案已移至 processed 資料夾
2026-02-16 22:25:10,915 - INFO - A1 欄位內容 '主提單號碼:' 不符合純英數格式 (可能是中文標題)，將忽略 A1。
2026-02-16 22:25:10,916 - INFO - 使用檔名作為主提單號 (MAWB): IPC250908413EX
2026-02-16 22:25:10,917 - INFO - 開始處理檔案: IPC250908413EX.xlsx, MAWB: IPC250908413EX
2026-02-16 22:25:21,615 - INFO - 舊格式匹配失敗 (非舊格式特徵)，嘗試新格式...
2026-02-16 22:25:32,884 - INFO - 偵測為 [New Format]，解析出 1149 筆資料。
2026-02-16 22:25:32,951 - ERROR - 處理檔案 IPC250908413EX.xlsx 時發生未預期錯誤: Execution failed on sql 'INSERT INTO table_a_raw (hawb_no, item_no, description_original, qty, qty_unit, unit_price, total_amount, currency, consignee_name, consignee_id, consignee_phone, mawb_no, processing_status) VALUES (:hawb_no, :item_no, :description_original, :qty, :qty_unit, :unit_price, :total_amount, :currency, :consignee_name, :consignee_id, :consignee_phone, :mawb_no, :processing_status)': (pymysql.err.DataError) (1406, "Data too long for column 'description_original' at row 463")
[SQL: INSERT INTO table_a_raw (hawb_no, item_no, description_original, qty, qty_unit, unit_price, total_amount, currency, consignee_name, consignee_id, consignee_phone, mawb_no, processing_status) VALUES (%(hawb_no)s, %(item_no)s, %(description_original)s, %(qty)s, %(qty_unit)s, %(unit_price)s, %(total_amount)s, %(currency)s, %(consignee_name)s, %(consignee_id)s, %(consignee_phone)s, %(mawb_no)s, %(processing_status)s)]
[parameters: [{'hawb_no': 'LY175707932688', 'item_no': 1, 'description_original': '尔英AMD锐龙R9 7940HX/7945HX板载CPU套装台式机电脑主板游戏办公', 'qty': 1, 'qty_unit': 'PCE', 'unit_price': 10995, 'total_amount': 10995, 'currency': 'TWD', 'consignee_name': None, 'consignee_id': None, 'consignee_phone': None, 'mawb_no': 'IPC250908413EX', 'processing_status': 'PENDING'}, {'hawb_no': 'LY175707932688', 'item_no': 2, 'description_original': '新版黑群晖DSM7.2.1 7.2.2 ESXi PVE UNRAID NAS 蜗牛 引导U盘', 'qty': 2, 'qty_unit': 'PCE', 'unit_price': 350, 'total_amount': 700, 'currency': 'TWD', 'consignee_name': None, 'consignee_id': None, 'consignee_phone': None, 'mawb_no': 'IPC250908413EX', 'processing_status': 'PENDING'}, {'hawb_no': 'LY175712141586', 'item_no': 1, 'description_original': 'framerbob,popmart', 'qty': 1, 'qty_unit': 'PCE', 'unit_price': 800, 'total_amount': 800, 'currency': 'TWD', 'consignee_name': None, 'consignee_id': None, 'consignee_phone': None, 'mawb_no': 'IPC250908413EX', 'processing_status': 'PENDING'}, {'hawb_no': 'LY175712332333', 'item_no': 1, 'description_original': '普通望远镜', 'qty': 1, 'qty_unit': 'PCE', 'unit_price': 119, 'total_amount': 119, 'currency': 'TWD', 'consignee_name': None, 'consignee_id': None, 'consignee_phone': None, 'mawb_no': 'IPC250908413EX', 'processing_status': 'PENDING'}, {'hawb_no': 'LY175712332333', 'item_no': 2, 'description_original': '乳贴', 'qty': 1, 'qty_unit': 'PCE', 'unit_price': 100, 'total_amount': 100, 'currency': 'TWD', 'consignee_name': None, 'consignee_id': None, 'consignee_phone': None, 'mawb_no': 'IPC250908413EX', 'processing_status': 'PENDING'}, {'hawb_no': 'LY175712332333', 'item_no': 3, 'description_original': '垂钓望远镜', 'qty': 1, 'qty_unit': 'PCE', 'unit_price': 940, 'total_amount': 940, 'currency': 'TWD', 'consignee_name': None, 'consignee_id': None, 'consignee_phone': None, 'mawb_no': 'IPC250908413EX', 'processing_status': 'PENDING'}, {'hawb_no': 'LY175712332333', 'item_no': 4, 'description_original': '随身化妆镜', 'qty': 1, 'qty_unit': 'PCE', 'unit_price': 115, 'total_amount': 115, 'currency': 'TWD', 'consignee_name': None, 'consignee_id': None, 'consignee_phone': None, 'mawb_no': 'IPC250908413EX', 'processing_status': 'PENDING'}, {'hawb_no': 'LY175712409052', 'item_no': 1, 'description_original': '卡钳改色喷剂', 'qty': 2, 'qty_unit': 'PCE', 'unit_price': 119, 'total_amount': 238, 'currency': 'TWD', 'consignee_name': None, 'consignee_id': None, 'consignee_phone': None, 'mawb_no': 'IPC250908413EX', 'processing_status': 'PENDING'}  ... displaying 10 of 1149 total bound parameter sets ...  {'hawb_no': 'LY175724304922', 'item_no': 1, 'description_original': '寵物樓梯3', 'qty': 1, 'qty_unit': 'PCE', 'unit_price': 800, 'total_amount': 800, 'currency': 'TWD', 'consignee_name': None, 'consignee_id': None, 'consignee_phone': None, 'mawb_no': 'IPC250908413EX', 'processing_status': 'PENDING'}, {'hawb_no': 'LY175723190000', 'item_no': 1, 'description_original': '烤爐', 'qty': 3, 'qty_unit': 'PCE', 'unit_price': 50, 'total_amount': 50, 'currency': 'TWD', 'consignee_name': None, 'consignee_id': None, 'consignee_phone': None, 'mawb_no': 'IPC250908413EX', 'processing_status': 'PENDING'}]]
(Background on this error at: https://sqlalche.me/e/20/9h9h)
Traceback (most recent call last):
  File "/usr/local/lib64/python3.12/site-packages/sqlalchemy/engine/base.py", line 1936, in _exec_single_context
    self.dialect.do_executemany(
  File "/usr/local/lib64/python3.12/site-packages/sqlalchemy/dialects/mysql/mysqldb.py", line 196, in do_executemany
    rowcount = cursor.executemany(statement, parameters)
               ^^^^^^^^^^^^^^^^^^^^^^^^^^^^^^^^^^^^^^^^^
  File "/usr/local/lib/python3.12/site-packages/pymysql/cursors.py", line 182, in executemany
    return self._do_execute_many(
           ^^^^^^^^^^^^^^^^^^^^^^
  File "/usr/local/lib/python3.12/site-packages/pymysql/cursors.py", line 220, in _do_execute_many
    rows += self.execute(sql + postfix)
            ^^^^^^^^^^^^^^^^^^^^^^^^^^^
  File "/usr/local/lib/python3.12/site-packages/pymysql/cursors.py", line 153, in execute
    result = self._query(query)
             ^^^^^^^^^^^^^^^^^^
  File "/usr/local/lib/python3.12/site-packages/pymysql/cursors.py", line 322, in _query
    conn.query(q)
  File "/usr/local/lib/python3.12/site-packages/pymysql/connections.py", line 575, in query
    self._affected_rows = self._read_query_result(unbuffered=unbuffered)
                          ^^^^^^^^^^^^^^^^^^^^^^^^^^^^^^^^^^^^^^^^^^^^^^
  File "/usr/local/lib/python3.12/site-packages/pymysql/connections.py", line 826, in _read_query_result
    result.read()
  File "/usr/local/lib/python3.12/site-packages/pymysql/connections.py", line 1203, in read
    first_packet = self.connection._read_packet()
                   ^^^^^^^^^^^^^^^^^^^^^^^^^^^^^^
  File "/usr/local/lib/python3.12/site-packages/pymysql/connections.py", line 782, in _read_packet
    packet.raise_for_error()
  File "/usr/local/lib/python3.12/site-packages/pymysql/protocol.py", line 219, in raise_for_error
    err.raise_mysql_exception(self._data)
  File "/usr/local/lib/python3.12/site-packages/pymysql/err.py", line 150, in raise_mysql_exception
    raise errorclass(errno, errval)
pymysql.err.DataError: (1406, "Data too long for column 'description_original' at row 463")

The above exception was the direct cause of the following exception:

Traceback (most recent call last):
  File "/usr/local/lib64/python3.12/site-packages/pandas/io/sql.py", line 1679, in execute
    return execute_function(sql, *args)
           ^^^^^^^^^^^^^^^^^^^^^^^^^^^^
  File "/usr/local/lib64/python3.12/site-packages/sqlalchemy/engine/base.py", line 1419, in execute
    return meth(
           ^^^^^
  File "/usr/local/lib64/python3.12/site-packages/sqlalchemy/sql/elements.py", line 527, in _execute_on_connection
    return connection._execute_clauseelement(
           ^^^^^^^^^^^^^^^^^^^^^^^^^^^^^^^^^^
  File "/usr/local/lib64/python3.12/site-packages/sqlalchemy/engine/base.py", line 1641, in _execute_clauseelement
    ret = self._execute_context(
          ^^^^^^^^^^^^^^^^^^^^^^
  File "/usr/local/lib64/python3.12/site-packages/sqlalchemy/engine/base.py", line 1846, in _execute_context
    return self._exec_single_context(
           ^^^^^^^^^^^^^^^^^^^^^^^^^^
  File "/usr/local/lib64/python3.12/site-packages/sqlalchemy/engine/base.py", line 1986, in _exec_single_context
    self._handle_dbapi_exception(
  File "/usr/local/lib64/python3.12/site-packages/sqlalchemy/engine/base.py", line 2363, in _handle_dbapi_exception
    raise sqlalchemy_exception.with_traceback(exc_info[2]) from e
  File "/usr/local/lib64/python3.12/site-packages/sqlalchemy/engine/base.py", line 1936, in _exec_single_context
    self.dialect.do_executemany(
  File "/usr/local/lib64/python3.12/site-packages/sqlalchemy/dialects/mysql/mysqldb.py", line 196, in do_executemany
    rowcount = cursor.executemany(statement, parameters)
               ^^^^^^^^^^^^^^^^^^^^^^^^^^^^^^^^^^^^^^^^^
  File "/usr/local/lib/python3.12/site-packages/pymysql/cursors.py", line 182, in executemany
    return self._do_execute_many(
           ^^^^^^^^^^^^^^^^^^^^^^
  File "/usr/local/lib/python3.12/site-packages/pymysql/cursors.py", line 220, in _do_execute_many
    rows += self.execute(sql + postfix)
            ^^^^^^^^^^^^^^^^^^^^^^^^^^^
  File "/usr/local/lib/python3.12/site-packages/pymysql/cursors.py", line 153, in execute
    result = self._query(query)
             ^^^^^^^^^^^^^^^^^^
  File "/usr/local/lib/python3.12/site-packages/pymysql/cursors.py", line 322, in _query
    conn.query(q)
  File "/usr/local/lib/python3.12/site-packages/pymysql/connections.py", line 575, in query
    self._affected_rows = self._read_query_result(unbuffered=unbuffered)
                          ^^^^^^^^^^^^^^^^^^^^^^^^^^^^^^^^^^^^^^^^^^^^^^
  File "/usr/local/lib/python3.12/site-packages/pymysql/connections.py", line 826, in _read_query_result
    result.read()
  File "/usr/local/lib/python3.12/site-packages/pymysql/connections.py", line 1203, in read
    first_packet = self.connection._read_packet()
                   ^^^^^^^^^^^^^^^^^^^^^^^^^^^^^^
  File "/usr/local/lib/python3.12/site-packages/pymysql/connections.py", line 782, in _read_packet
    packet.raise_for_error()
  File "/usr/local/lib/python3.12/site-packages/pymysql/protocol.py", line 219, in raise_for_error
    err.raise_mysql_exception(self._data)
  File "/usr/local/lib/python3.12/site-packages/pymysql/err.py", line 150, in raise_mysql_exception
    raise errorclass(errno, errval)
sqlalchemy.exc.DataError: (pymysql.err.DataError) (1406, "Data too long for column 'description_original' at row 463")
[SQL: INSERT INTO table_a_raw (hawb_no, item_no, description_original, qty, qty_unit, unit_price, total_amount, currency, consignee_name, consignee_id, consignee_phone, mawb_no, processing_status) VALUES (%(hawb_no)s, %(item_no)s, %(description_original)s, %(qty)s, %(qty_unit)s, %(unit_price)s, %(total_amount)s, %(currency)s, %(consignee_name)s, %(consignee_id)s, %(consignee_phone)s, %(mawb_no)s, %(processing_status)s)]
[parameters: [{'hawb_no': 'LY175707932688', 'item_no': 1, 'description_original': '尔英AMD锐龙R9 7940HX/7945HX板载CPU套装台式机电脑主板游戏办公', 'qty': 1, 'qty_unit': 'PCE', 'unit_price': 10995, 'total_amount': 10995, 'currency': 'TWD', 'consignee_name': None, 'consignee_id': None, 'consignee_phone': None, 'mawb_no': 'IPC250908413EX', 'processing_status': 'PENDING'}, {'hawb_no': 'LY175707932688', 'item_no': 2, 'description_original': '新版黑群晖DSM7.2.1 7.2.2 ESXi PVE UNRAID NAS 蜗牛 引导U盘', 'qty': 2, 'qty_unit': 'PCE', 'unit_price': 350, 'total_amount': 700, 'currency': 'TWD', 'consignee_name': None, 'consignee_id': None, 'consignee_phone': None, 'mawb_no': 'IPC250908413EX', 'processing_status': 'PENDING'}, {'hawb_no': 'LY175712141586', 'item_no': 1, 'description_original': 'framerbob,popmart', 'qty': 1, 'qty_unit': 'PCE', 'unit_price': 800, 'total_amount': 800, 'currency': 'TWD', 'consignee_name': None, 'consignee_id': None, 'consignee_phone': None, 'mawb_no': 'IPC250908413EX', 'processing_status': 'PENDING'}, {'hawb_no': 'LY175712332333', 'item_no': 1, 'description_original': '普通望远镜', 'qty': 1, 'qty_unit': 'PCE', 'unit_price': 119, 'total_amount': 119, 'currency': 'TWD', 'consignee_name': None, 'consignee_id': None, 'consignee_phone': None, 'mawb_no': 'IPC250908413EX', 'processing_status': 'PENDING'}, {'hawb_no': 'LY175712332333', 'item_no': 2, 'description_original': '乳贴', 'qty': 1, 'qty_unit': 'PCE', 'unit_price': 100, 'total_amount': 100, 'currency': 'TWD', 'consignee_name': None, 'consignee_id': None, 'consignee_phone': None, 'mawb_no': 'IPC250908413EX', 'processing_status': 'PENDING'}, {'hawb_no': 'LY175712332333', 'item_no': 3, 'description_original': '垂钓望远镜', 'qty': 1, 'qty_unit': 'PCE', 'unit_price': 940, 'total_amount': 940, 'currency': 'TWD', 'consignee_name': None, 'consignee_id': None, 'consignee_phone': None, 'mawb_no': 'IPC250908413EX', 'processing_status': 'PENDING'}, {'hawb_no': 'LY175712332333', 'item_no': 4, 'description_original': '随身化妆镜', 'qty': 1, 'qty_unit': 'PCE', 'unit_price': 115, 'total_amount': 115, 'currency': 'TWD', 'consignee_name': None, 'consignee_id': None, 'consignee_phone': None, 'mawb_no': 'IPC250908413EX', 'processing_status': 'PENDING'}, {'hawb_no': 'LY175712409052', 'item_no': 1, 'description_original': '卡钳改色喷剂', 'qty': 2, 'qty_unit': 'PCE', 'unit_price': 119, 'total_amount': 238, 'currency': 'TWD', 'consignee_name': None, 'consignee_id': None, 'consignee_phone': None, 'mawb_no': 'IPC250908413EX', 'processing_status': 'PENDING'}  ... displaying 10 of 1149 total bound parameter sets ...  {'hawb_no': 'LY175724304922', 'item_no': 1, 'description_original': '寵物樓梯3', 'qty': 1, 'qty_unit': 'PCE', 'unit_price': 800, 'total_amount': 800, 'currency': 'TWD', 'consignee_name': None, 'consignee_id': None, 'consignee_phone': None, 'mawb_no': 'IPC250908413EX', 'processing_status': 'PENDING'}, {'hawb_no': 'LY175723190000', 'item_no': 1, 'description_original': '烤爐', 'qty': 3, 'qty_unit': 'PCE', 'unit_price': 50, 'total_amount': 50, 'currency': 'TWD', 'consignee_name': None, 'consignee_id': None, 'consignee_phone': None, 'mawb_no': 'IPC250908413EX', 'processing_status': 'PENDING'}]]
(Background on this error at: https://sqlalche.me/e/20/9h9h)

The above exception was the direct cause of the following exception:

Traceback (most recent call last):
  File "/mnt/gdrive/SeaExpress_Automation_Project/SeaExpress_Core/src/process_excel_order.py", line 235, in process_excel_file
    db_df.to_sql('table_a_raw', con=engine, if_exists='append', index=False)
  File "/usr/local/lib64/python3.12/site-packages/pandas/core/generic.py", line 3052, in to_sql
    return sql.to_sql(
           ^^^^^^^^^^^
  File "/usr/local/lib64/python3.12/site-packages/pandas/io/sql.py", line 841, in to_sql
    return pandas_sql.to_sql(
           ^^^^^^^^^^^^^^^^^^
  File "/usr/local/lib64/python3.12/site-packages/pandas/io/sql.py", line 2037, in to_sql
    total_inserted = sql_engine.insert_records(
                     ^^^^^^^^^^^^^^^^^^^^^^^^^^
  File "/usr/local/lib64/python3.12/site-packages/pandas/io/sql.py", line 1571, in insert_records
    return table.insert(chunksize=chunksize, method=method)
           ^^^^^^^^^^^^^^^^^^^^^^^^^^^^^^^^^^^^^^^^^^^^^^^^
  File "/usr/local/lib64/python3.12/site-packages/pandas/io/sql.py", line 1122, in insert
    num_inserted = exec_insert(conn, keys, chunk_iter)
                   ^^^^^^^^^^^^^^^^^^^^^^^^^^^^^^^^^^^
  File "/usr/local/lib64/python3.12/site-packages/pandas/io/sql.py", line 1014, in _execute_insert
    result = self.pd_sql.execute(self.table.insert(), data)
             ^^^^^^^^^^^^^^^^^^^^^^^^^^^^^^^^^^^^^^^^^^^^^^
  File "/usr/local/lib64/python3.12/site-packages/pandas/io/sql.py", line 1681, in execute
    raise DatabaseError(f"Execution failed on sql '{sql}': {exc}") from exc
pandas.errors.DatabaseError: Execution failed on sql 'INSERT INTO table_a_raw (hawb_no, item_no, description_original, qty, qty_unit, unit_price, total_amount, currency, consignee_name, consignee_id, consignee_phone, mawb_no, processing_status) VALUES (:hawb_no, :item_no, :description_original, :qty, :qty_unit, :unit_price, :total_amount, :currency, :consignee_name, :consignee_id, :consignee_phone, :mawb_no, :processing_status)': (pymysql.err.DataError) (1406, "Data too long for column 'description_original' at row 463")
[SQL: INSERT INTO table_a_raw (hawb_no, item_no, description_original, qty, qty_unit, unit_price, total_amount, currency, consignee_name, consignee_id, consignee_phone, mawb_no, processing_status) VALUES (%(hawb_no)s, %(item_no)s, %(description_original)s, %(qty)s, %(qty_unit)s, %(unit_price)s, %(total_amount)s, %(currency)s, %(consignee_name)s, %(consignee_id)s, %(consignee_phone)s, %(mawb_no)s, %(processing_status)s)]
[parameters: [{'hawb_no': 'LY175707932688', 'item_no': 1, 'description_original': '尔英AMD锐龙R9 7940HX/7945HX板载CPU套装台式机电脑主板游戏办公', 'qty': 1, 'qty_unit': 'PCE', 'unit_price': 10995, 'total_amount': 10995, 'currency': 'TWD', 'consignee_name': None, 'consignee_id': None, 'consignee_phone': None, 'mawb_no': 'IPC250908413EX', 'processing_status': 'PENDING'}, {'hawb_no': 'LY175707932688', 'item_no': 2, 'description_original': '新版黑群晖DSM7.2.1 7.2.2 ESXi PVE UNRAID NAS 蜗牛 引导U盘', 'qty': 2, 'qty_unit': 'PCE', 'unit_price': 350, 'total_amount': 700, 'currency': 'TWD', 'consignee_name': None, 'consignee_id': None, 'consignee_phone': None, 'mawb_no': 'IPC250908413EX', 'processing_status': 'PENDING'}, {'hawb_no': 'LY175712141586', 'item_no': 1, 'description_original': 'framerbob,popmart', 'qty': 1, 'qty_unit': 'PCE', 'unit_price': 800, 'total_amount': 800, 'currency': 'TWD', 'consignee_name': None, 'consignee_id': None, 'consignee_phone': None, 'mawb_no': 'IPC250908413EX', 'processing_status': 'PENDING'}, {'hawb_no': 'LY175712332333', 'item_no': 1, 'description_original': '普通望远镜', 'qty': 1, 'qty_unit': 'PCE', 'unit_price': 119, 'total_amount': 119, 'currency': 'TWD', 'consignee_name': None, 'consignee_id': None, 'consignee_phone': None, 'mawb_no': 'IPC250908413EX', 'processing_status': 'PENDING'}, {'hawb_no': 'LY175712332333', 'item_no': 2, 'description_original': '乳贴', 'qty': 1, 'qty_unit': 'PCE', 'unit_price': 100, 'total_amount': 100, 'currency': 'TWD', 'consignee_name': None, 'consignee_id': None, 'consignee_phone': None, 'mawb_no': 'IPC250908413EX', 'processing_status': 'PENDING'}, {'hawb_no': 'LY175712332333', 'item_no': 3, 'description_original': '垂钓望远镜', 'qty': 1, 'qty_unit': 'PCE', 'unit_price': 940, 'total_amount': 940, 'currency': 'TWD', 'consignee_name': None, 'consignee_id': None, 'consignee_phone': None, 'mawb_no': 'IPC250908413EX', 'processing_status': 'PENDING'}, {'hawb_no': 'LY175712332333', 'item_no': 4, 'description_original': '随身化妆镜', 'qty': 1, 'qty_unit': 'PCE', 'unit_price': 115, 'total_amount': 115, 'currency': 'TWD', 'consignee_name': None, 'consignee_id': None, 'consignee_phone': None, 'mawb_no': 'IPC250908413EX', 'processing_status': 'PENDING'}, {'hawb_no': 'LY175712409052', 'item_no': 1, 'description_original': '卡钳改色喷剂', 'qty': 2, 'qty_unit': 'PCE', 'unit_price': 119, 'total_amount': 238, 'currency': 'TWD', 'consignee_name': None, 'consignee_id': None, 'consignee_phone': None, 'mawb_no': 'IPC250908413EX', 'processing_status': 'PENDING'}  ... displaying 10 of 1149 total bound parameter sets ...  {'hawb_no': 'LY175724304922', 'item_no': 1, 'description_original': '寵物樓梯3', 'qty': 1, 'qty_unit': 'PCE', 'unit_price': 800, 'total_amount': 800, 'currency': 'TWD', 'consignee_name': None, 'consignee_id': None, 'consignee_phone': None, 'mawb_no': 'IPC250908413EX', 'processing_status': 'PENDING'}, {'hawb_no': 'LY175723190000', 'item_no': 1, 'description_original': '烤爐', 'qty': 3, 'qty_unit': 'PCE', 'unit_price': 50, 'total_amount': 50, 'currency': 'TWD', 'consignee_name': None, 'consignee_id': None, 'consignee_phone': None, 'mawb_no': 'IPC250908413EX', 'processing_status': 'PENDING'}]]
(Background on this error at: https://sqlalche.me/e/20/9h9h)
2026-02-16 22:25:40,750 - INFO - A1 欄位內容 '主提單號碼:' 不符合純英數格式 (可能是中文標題)，將忽略 A1。
2026-02-16 22:25:40,750 - INFO - 使用檔名作為主提單號 (MAWB): IPC250909415EX
2026-02-16 22:25:40,751 - INFO - 開始處理檔案: IPC250909415EX.xlsx, MAWB: IPC250909415EX
2026-02-16 22:25:49,030 - INFO - 舊格式匹配失敗 (非舊格式特徵)，嘗試新格式...
2026-02-16 22:25:57,715 - INFO - 偵測為 [New Format]，解析出 13 筆資料。
2026-02-16 22:25:57,742 - INFO - 成功寫入資料庫！
2026-02-16 22:26:01,544 - INFO - 檔案已移至 processed 資料夾
2026-02-16 22:26:13,766 - INFO - A1 欄位內容 '主提單號碼:' 不符合純英數格式 (可能是中文標題)，將忽略 A1。
2026-02-16 22:26:13,767 - INFO - 使用檔名作為主提單號 (MAWB): IPC250909417EX
2026-02-16 22:26:13,767 - INFO - 開始處理檔案: IPC250909417EX.xlsx, MAWB: IPC250909417EX
2026-02-16 22:26:32,263 - INFO - 舊格式匹配失敗 (非舊格式特徵)，嘗試新格式...
2026-02-16 22:26:51,513 - INFO - 偵測為 [New Format]，解析出 1530 筆資料。
2026-02-16 22:26:51,608 - INFO - 成功寫入資料庫！
2026-02-16 22:26:55,111 - INFO - 檔案已移至 processed 資料夾
2026-02-16 22:27:05,853 - INFO - A1 欄位內容 '主提單號碼:' 不符合純英數格式 (可能是中文標題)，將忽略 A1。
2026-02-16 22:27:05,854 - INFO - 使用檔名作為主提單號 (MAWB): IPC250910403EX
2026-02-16 22:27:05,855 - INFO - 開始處理檔案: IPC250910403EX.xlsx, MAWB: IPC250910403EX
2026-02-16 22:27:18,701 - INFO - 舊格式匹配失敗 (非舊格式特徵)，嘗試新格式...
2026-02-16 22:27:31,795 - INFO - 偵測為 [New Format]，解析出 4 筆資料。
2026-02-16 22:27:31,831 - INFO - 成功寫入資料庫！
2026-02-16 22:27:34,317 - INFO - 檔案已移至 processed 資料夾
2026-02-16 22:27:44,807 - INFO - A1 欄位內容 '主提單號碼:' 不符合純英數格式 (可能是中文標題)，將忽略 A1。
2026-02-16 22:27:44,808 - INFO - 使用檔名作為主提單號 (MAWB): IPC250911416EX
2026-02-16 22:27:44,808 - INFO - 開始處理檔案: IPC250911416EX.xlsx, MAWB: IPC250911416EX
2026-02-16 22:27:57,771 - INFO - 舊格式匹配失敗 (非舊格式特徵)，嘗試新格式...
2026-02-16 22:28:10,433 - INFO - 偵測為 [New Format]，解析出 482 筆資料。
2026-02-16 22:28:10,477 - INFO - 成功寫入資料庫！
2026-02-16 22:28:13,396 - INFO - 檔案已移至 processed 資料夾
2026-02-16 22:28:20,060 - INFO - A1 欄位內容 '主提單號碼:' 不符合純英數格式 (可能是中文標題)，將忽略 A1。
2026-02-16 22:28:20,061 - INFO - 使用檔名作為主提單號 (MAWB): IPC250913413EX
2026-02-16 22:28:20,061 - INFO - 開始處理檔案: IPC250913413EX.xlsx, MAWB: IPC250913413EX
2026-02-16 22:28:31,118 - INFO - 舊格式匹配失敗 (非舊格式特徵)，嘗試新格式...
2026-02-16 22:28:40,413 - INFO - 偵測為 [New Format]，解析出 328 筆資料。
2026-02-16 22:28:40,469 - INFO - 成功寫入資料庫！
2026-02-16 22:28:44,091 - INFO - 檔案已移至 processed 資料夾
2026-02-16 22:28:52,313 - INFO - A1 欄位內容 '主提單號碼:' 不符合純英數格式 (可能是中文標題)，將忽略 A1。
2026-02-16 22:28:52,313 - INFO - 使用檔名作為主提單號 (MAWB): IPC250913414EX
2026-02-16 22:28:52,314 - INFO - 開始處理檔案: IPC250913414EX.xlsx, MAWB: IPC250913414EX
2026-02-16 22:29:06,388 - INFO - 舊格式匹配失敗 (非舊格式特徵)，嘗試新格式...
2026-02-16 22:29:20,836 - INFO - 偵測為 [New Format]，解析出 9706 筆資料。
2026-02-16 22:29:21,287 - INFO - 成功寫入資料庫！
2026-02-16 22:29:25,024 - INFO - 檔案已移至 processed 資料夾
2026-02-16 22:29:34,924 - INFO - A1 欄位內容 '主提單號碼:' 不符合純英數格式 (可能是中文標題)，將忽略 A1。
2026-02-16 22:29:34,924 - INFO - 使用檔名作為主提單號 (MAWB): IPC250913421EX
2026-02-16 22:29:34,925 - INFO - 開始處理檔案: IPC250913421EX.xlsx, MAWB: IPC250913421EX
2026-02-16 22:29:47,470 - INFO - 舊格式匹配失敗 (非舊格式特徵)，嘗試新格式...
2026-02-16 22:30:03,009 - INFO - 偵測為 [New Format]，解析出 650 筆資料。
2026-02-16 22:30:03,078 - INFO - 成功寫入資料庫！
2026-02-16 22:30:05,610 - INFO - 檔案已移至 processed 資料夾
2026-02-16 22:30:27,126 - INFO - A1 欄位內容 '主提單號碼:' 不符合純英數格式 (可能是中文標題)，將忽略 A1。
2026-02-16 22:30:27,127 - INFO - 使用檔名作為主提單號 (MAWB): IPC250913423EX
2026-02-16 22:30:27,128 - INFO - 開始處理檔案: IPC250913423EX.xlsx, MAWB: IPC250913423EX
2026-02-16 22:30:51,942 - INFO - 舊格式匹配失敗 (非舊格式特徵)，嘗試新格式...
2026-02-16 22:31:10,129 - INFO - 偵測為 [New Format]，解析出 9346 筆資料。
2026-02-16 22:31:10,619 - INFO - 成功寫入資料庫！
2026-02-16 22:31:14,204 - INFO - 檔案已移至 processed 資料夾
2026-02-16 22:31:29,524 - INFO - A1 欄位內容 '主提單號碼:' 不符合純英數格式 (可能是中文標題)，將忽略 A1。
2026-02-16 22:31:29,525 - INFO - 使用檔名作為主提單號 (MAWB): IPC250915405EX
2026-02-16 22:31:29,525 - INFO - 開始處理檔案: IPC250915405EX.xlsx, MAWB: IPC250915405EX
2026-02-16 22:31:39,995 - INFO - 舊格式匹配失敗 (非舊格式特徵)，嘗試新格式...
2026-02-16 22:31:49,913 - INFO - 偵測為 [New Format]，解析出 208 筆資料。
2026-02-16 22:31:49,944 - INFO - 成功寫入資料庫！
2026-02-16 22:31:53,234 - INFO - 檔案已移至 processed 資料夾
2026-02-16 22:32:03,681 - INFO - A1 欄位內容 '主提單號碼:' 不符合純英數格式 (可能是中文標題)，將忽略 A1。
2026-02-16 22:32:03,681 - INFO - 使用檔名作為主提單號 (MAWB): IPC250915410EX
2026-02-16 22:32:03,682 - INFO - 開始處理檔案: IPC250915410EX.xlsx, MAWB: IPC250915410EX
2026-02-16 22:32:17,214 - INFO - 舊格式匹配失敗 (非舊格式特徵)，嘗試新格式...
2026-02-16 22:32:38,047 - INFO - 偵測為 [New Format]，解析出 682 筆資料。
2026-02-16 22:32:38,118 - INFO - 成功寫入資料庫！
2026-02-16 22:32:41,676 - INFO - 檔案已移至 processed 資料夾
2026-02-16 22:32:50,049 - INFO - A1 欄位內容 '主提單號碼:' 不符合純英數格式 (可能是中文標題)，將忽略 A1。
2026-02-16 22:32:50,050 - INFO - 使用檔名作為主提單號 (MAWB): IPC250915412EX
2026-02-16 22:32:50,050 - INFO - 開始處理檔案: IPC250915412EX.xlsx, MAWB: IPC250915412EX
2026-02-16 22:33:01,534 - INFO - 舊格式匹配失敗 (非舊格式特徵)，嘗試新格式...
2026-02-16 22:33:15,083 - INFO - 偵測為 [New Format]，解析出 370 筆資料。
2026-02-16 22:33:15,135 - ERROR - 處理檔案 IPC250915412EX.xlsx 時發生未預期錯誤: Execution failed on sql 'INSERT INTO table_a_raw (hawb_no, item_no, description_original, qty, qty_unit, unit_price, total_amount, currency, consignee_name, consignee_id, consignee_phone, mawb_no, processing_status) VALUES (:hawb_no, :item_no, :description_original, :qty, :qty_unit, :unit_price, :total_amount, :currency, :consignee_name, :consignee_id, :consignee_phone, :mawb_no, :processing_status)': (pymysql.err.DataError) (1406, "Data too long for column 'description_original' at row 308")
[SQL: INSERT INTO table_a_raw (hawb_no, item_no, description_original, qty, qty_unit, unit_price, total_amount, currency, consignee_name, consignee_id, consignee_phone, mawb_no, processing_status) VALUES (%(hawb_no)s, %(item_no)s, %(description_original)s, %(qty)s, %(qty_unit)s, %(unit_price)s, %(total_amount)s, %(currency)s, %(consignee_name)s, %(consignee_id)s, %(consignee_phone)s, %(mawb_no)s, %(processing_status)s)]
[parameters: [{'hawb_no': 'LY175767713885', 'item_no': 1, 'description_original': '電線', 'qty': 1, 'qty_unit': 'PCE', 'unit_price': 15, 'total_amount': 15, 'currency': 'TWD', 'consignee_name': None, 'consignee_id': None, 'consignee_phone': None, 'mawb_no': 'IPC250915412EX', 'processing_status': 'PENDING'}, {'hawb_no': 'LY175767713885', 'item_no': 2, 'description_original': '膠水', 'qty': 1, 'qty_unit': 'PCE', 'unit_price': 5, 'total_amount': 5, 'currency': 'TWD', 'consignee_name': None, 'consignee_id': None, 'consignee_phone': None, 'mawb_no': 'IPC250915412EX', 'processing_status': 'PENDING'}, {'hawb_no': 'LY175767713885', 'item_no': 3, 'description_original': '挖耳棒', 'qty': 1, 'qty_unit': 'PCE', 'unit_price': 10, 'total_amount': 10, 'currency': 'TWD', 'consignee_name': None, 'consignee_id': None, 'consignee_phone': None, 'mawb_no': 'IPC250915412EX', 'processing_status': 'PENDING'}, {'hawb_no': 'LY175781981861', 'item_no': 1, 'description_original': '燈具(127044B)', 'qty': 1, 'qty_unit': 'PCE', 'unit_price': 5, 'total_amount': 5, 'currency': 'TWD', 'consignee_name': None, 'consignee_id': None, 'consignee_phone': None, 'mawb_no': 'IPC250915412EX', 'processing_status': 'PENDING'}, {'hawb_no': 'LY175781981861', 'item_no': 2, 'description_original': '調料盒', 'qty': 1, 'qty_unit': 'PCE', 'unit_price': 5, 'total_amount': 5, 'currency': 'TWD', 'consignee_name': None, 'consignee_id': None, 'consignee_phone': None, 'mawb_no': 'IPC250915412EX', 'processing_status': 'PENDING'}, {'hawb_no': 'LY175781981861', 'item_no': 3, 'description_original': '勺子', 'qty': 1, 'qty_unit': 'PCE', 'unit_price': 5, 'total_amount': 5, 'currency': 'TWD', 'consignee_name': None, 'consignee_id': None, 'consignee_phone': None, 'mawb_no': 'IPC250915412EX', 'processing_status': 'PENDING'}, {'hawb_no': 'LY175781981861', 'item_no': 4, 'description_original': '磨刀器', 'qty': 1, 'qty_unit': 'PCE', 'unit_price': 5, 'total_amount': 5, 'currency': 'TWD', 'consignee_name': None, 'consignee_id': None, 'consignee_phone': None, 'mawb_no': 'IPC250915412EX', 'processing_status': 'PENDING'}, {'hawb_no': 'LY175781981861', 'item_no': 5, 'description_original': '耳機保護套', 'qty': 1, 'qty_unit': 'PCE', 'unit_price': 5, 'total_amount': 5, 'currency': 'TWD', 'consignee_name': None, 'consignee_id': None, 'consignee_phone': None, 'mawb_no': 'IPC250915412EX', 'processing_status': 'PENDING'}  ... displaying 10 of 370 total bound parameter sets ...  {'hawb_no': 'LY175786135217', 'item_no': 14, 'description_original': '擺件', 'qty': 1, 'qty_unit': 'PCE', 'unit_price': 50, 'total_amount': 50, 'currency': 'TWD', 'consignee_name': None, 'consignee_id': None, 'consignee_phone': None, 'mawb_no': 'IPC250915412EX', 'processing_status': 'PENDING'}, {'hawb_no': 'LY175786135217', 'item_no': 15, 'description_original': '畫框', 'qty': 3, 'qty_unit': 'PCE', 'unit_price': 50, 'total_amount': 150, 'currency': 'TWD', 'consignee_name': None, 'consignee_id': None, 'consignee_phone': None, 'mawb_no': 'IPC250915412EX', 'processing_status': 'PENDING'}]]
(Background on this error at: https://sqlalche.me/e/20/9h9h)
Traceback (most recent call last):
  File "/usr/local/lib64/python3.12/site-packages/sqlalchemy/engine/base.py", line 1936, in _exec_single_context
    self.dialect.do_executemany(
  File "/usr/local/lib64/python3.12/site-packages/sqlalchemy/dialects/mysql/mysqldb.py", line 196, in do_executemany
    rowcount = cursor.executemany(statement, parameters)
               ^^^^^^^^^^^^^^^^^^^^^^^^^^^^^^^^^^^^^^^^^
  File "/usr/local/lib/python3.12/site-packages/pymysql/cursors.py", line 182, in executemany
    return self._do_execute_many(
           ^^^^^^^^^^^^^^^^^^^^^^
  File "/usr/local/lib/python3.12/site-packages/pymysql/cursors.py", line 220, in _do_execute_many
    rows += self.execute(sql + postfix)
            ^^^^^^^^^^^^^^^^^^^^^^^^^^^
  File "/usr/local/lib/python3.12/site-packages/pymysql/cursors.py", line 153, in execute
    result = self._query(query)
             ^^^^^^^^^^^^^^^^^^
  File "/usr/local/lib/python3.12/site-packages/pymysql/cursors.py", line 322, in _query
    conn.query(q)
  File "/usr/local/lib/python3.12/site-packages/pymysql/connections.py", line 575, in query
    self._affected_rows = self._read_query_result(unbuffered=unbuffered)
                          ^^^^^^^^^^^^^^^^^^^^^^^^^^^^^^^^^^^^^^^^^^^^^^
  File "/usr/local/lib/python3.12/site-packages/pymysql/connections.py", line 826, in _read_query_result
    result.read()
  File "/usr/local/lib/python3.12/site-packages/pymysql/connections.py", line 1203, in read
    first_packet = self.connection._read_packet()
                   ^^^^^^^^^^^^^^^^^^^^^^^^^^^^^^
  File "/usr/local/lib/python3.12/site-packages/pymysql/connections.py", line 782, in _read_packet
    packet.raise_for_error()
  File "/usr/local/lib/python3.12/site-packages/pymysql/protocol.py", line 219, in raise_for_error
    err.raise_mysql_exception(self._data)
  File "/usr/local/lib/python3.12/site-packages/pymysql/err.py", line 150, in raise_mysql_exception
    raise errorclass(errno, errval)
pymysql.err.DataError: (1406, "Data too long for column 'description_original' at row 308")

The above exception was the direct cause of the following exception:

Traceback (most recent call last):
  File "/usr/local/lib64/python3.12/site-packages/pandas/io/sql.py", line 1679, in execute
    return execute_function(sql, *args)
           ^^^^^^^^^^^^^^^^^^^^^^^^^^^^
  File "/usr/local/lib64/python3.12/site-packages/sqlalchemy/engine/base.py", line 1419, in execute
    return meth(
           ^^^^^
  File "/usr/local/lib64/python3.12/site-packages/sqlalchemy/sql/elements.py", line 527, in _execute_on_connection
    return connection._execute_clauseelement(
           ^^^^^^^^^^^^^^^^^^^^^^^^^^^^^^^^^^
  File "/usr/local/lib64/python3.12/site-packages/sqlalchemy/engine/base.py", line 1641, in _execute_clauseelement
    ret = self._execute_context(
          ^^^^^^^^^^^^^^^^^^^^^^
  File "/usr/local/lib64/python3.12/site-packages/sqlalchemy/engine/base.py", line 1846, in _execute_context
    return self._exec_single_context(
           ^^^^^^^^^^^^^^^^^^^^^^^^^^
  File "/usr/local/lib64/python3.12/site-packages/sqlalchemy/engine/base.py", line 1986, in _exec_single_context
    self._handle_dbapi_exception(
  File "/usr/local/lib64/python3.12/site-packages/sqlalchemy/engine/base.py", line 2363, in _handle_dbapi_exception
    raise sqlalchemy_exception.with_traceback(exc_info[2]) from e
  File "/usr/local/lib64/python3.12/site-packages/sqlalchemy/engine/base.py", line 1936, in _exec_single_context
    self.dialect.do_executemany(
  File "/usr/local/lib64/python3.12/site-packages/sqlalchemy/dialects/mysql/mysqldb.py", line 196, in do_executemany
    rowcount = cursor.executemany(statement, parameters)
               ^^^^^^^^^^^^^^^^^^^^^^^^^^^^^^^^^^^^^^^^^
  File "/usr/local/lib/python3.12/site-packages/pymysql/cursors.py", line 182, in executemany
    return self._do_execute_many(
           ^^^^^^^^^^^^^^^^^^^^^^
  File "/usr/local/lib/python3.12/site-packages/pymysql/cursors.py", line 220, in _do_execute_many
    rows += self.execute(sql + postfix)
            ^^^^^^^^^^^^^^^^^^^^^^^^^^^
  File "/usr/local/lib/python3.12/site-packages/pymysql/cursors.py", line 153, in execute
    result = self._query(query)
             ^^^^^^^^^^^^^^^^^^
  File "/usr/local/lib/python3.12/site-packages/pymysql/cursors.py", line 322, in _query
    conn.query(q)
  File "/usr/local/lib/python3.12/site-packages/pymysql/connections.py", line 575, in query
    self._affected_rows = self._read_query_result(unbuffered=unbuffered)
                          ^^^^^^^^^^^^^^^^^^^^^^^^^^^^^^^^^^^^^^^^^^^^^^
  File "/usr/local/lib/python3.12/site-packages/pymysql/connections.py", line 826, in _read_query_result
    result.read()
  File "/usr/local/lib/python3.12/site-packages/pymysql/connections.py", line 1203, in read
    first_packet = self.connection._read_packet()
                   ^^^^^^^^^^^^^^^^^^^^^^^^^^^^^^
  File "/usr/local/lib/python3.12/site-packages/pymysql/connections.py", line 782, in _read_packet
    packet.raise_for_error()
  File "/usr/local/lib/python3.12/site-packages/pymysql/protocol.py", line 219, in raise_for_error
    err.raise_mysql_exception(self._data)
  File "/usr/local/lib/python3.12/site-packages/pymysql/err.py", line 150, in raise_mysql_exception
    raise errorclass(errno, errval)
sqlalchemy.exc.DataError: (pymysql.err.DataError) (1406, "Data too long for column 'description_original' at row 308")
[SQL: INSERT INTO table_a_raw (hawb_no, item_no, description_original, qty, qty_unit, unit_price, total_amount, currency, consignee_name, consignee_id, consignee_phone, mawb_no, processing_status) VALUES (%(hawb_no)s, %(item_no)s, %(description_original)s, %(qty)s, %(qty_unit)s, %(unit_price)s, %(total_amount)s, %(currency)s, %(consignee_name)s, %(consignee_id)s, %(consignee_phone)s, %(mawb_no)s, %(processing_status)s)]
[parameters: [{'hawb_no': 'LY175767713885', 'item_no': 1, 'description_original': '電線', 'qty': 1, 'qty_unit': 'PCE', 'unit_price': 15, 'total_amount': 15, 'currency': 'TWD', 'consignee_name': None, 'consignee_id': None, 'consignee_phone': None, 'mawb_no': 'IPC250915412EX', 'processing_status': 'PENDING'}, {'hawb_no': 'LY175767713885', 'item_no': 2, 'description_original': '膠水', 'qty': 1, 'qty_unit': 'PCE', 'unit_price': 5, 'total_amount': 5, 'currency': 'TWD', 'consignee_name': None, 'consignee_id': None, 'consignee_phone': None, 'mawb_no': 'IPC250915412EX', 'processing_status': 'PENDING'}, {'hawb_no': 'LY175767713885', 'item_no': 3, 'description_original': '挖耳棒', 'qty': 1, 'qty_unit': 'PCE', 'unit_price': 10, 'total_amount': 10, 'currency': 'TWD', 'consignee_name': None, 'consignee_id': None, 'consignee_phone': None, 'mawb_no': 'IPC250915412EX', 'processing_status': 'PENDING'}, {'hawb_no': 'LY175781981861', 'item_no': 1, 'description_original': '燈具(127044B)', 'qty': 1, 'qty_unit': 'PCE', 'unit_price': 5, 'total_amount': 5, 'currency': 'TWD', 'consignee_name': None, 'consignee_id': None, 'consignee_phone': None, 'mawb_no': 'IPC250915412EX', 'processing_status': 'PENDING'}, {'hawb_no': 'LY175781981861', 'item_no': 2, 'description_original': '調料盒', 'qty': 1, 'qty_unit': 'PCE', 'unit_price': 5, 'total_amount': 5, 'currency': 'TWD', 'consignee_name': None, 'consignee_id': None, 'consignee_phone': None, 'mawb_no': 'IPC250915412EX', 'processing_status': 'PENDING'}, {'hawb_no': 'LY175781981861', 'item_no': 3, 'description_original': '勺子', 'qty': 1, 'qty_unit': 'PCE', 'unit_price': 5, 'total_amount': 5, 'currency': 'TWD', 'consignee_name': None, 'consignee_id': None, 'consignee_phone': None, 'mawb_no': 'IPC250915412EX', 'processing_status': 'PENDING'}, {'hawb_no': 'LY175781981861', 'item_no': 4, 'description_original': '磨刀器', 'qty': 1, 'qty_unit': 'PCE', 'unit_price': 5, 'total_amount': 5, 'currency': 'TWD', 'consignee_name': None, 'consignee_id': None, 'consignee_phone': None, 'mawb_no': 'IPC250915412EX', 'processing_status': 'PENDING'}, {'hawb_no': 'LY175781981861', 'item_no': 5, 'description_original': '耳機保護套', 'qty': 1, 'qty_unit': 'PCE', 'unit_price': 5, 'total_amount': 5, 'currency': 'TWD', 'consignee_name': None, 'consignee_id': None, 'consignee_phone': None, 'mawb_no': 'IPC250915412EX', 'processing_status': 'PENDING'}  ... displaying 10 of 370 total bound parameter sets ...  {'hawb_no': 'LY175786135217', 'item_no': 14, 'description_original': '擺件', 'qty': 1, 'qty_unit': 'PCE', 'unit_price': 50, 'total_amount': 50, 'currency': 'TWD', 'consignee_name': None, 'consignee_id': None, 'consignee_phone': None, 'mawb_no': 'IPC250915412EX', 'processing_status': 'PENDING'}, {'hawb_no': 'LY175786135217', 'item_no': 15, 'description_original': '畫框', 'qty': 3, 'qty_unit': 'PCE', 'unit_price': 50, 'total_amount': 150, 'currency': 'TWD', 'consignee_name': None, 'consignee_id': None, 'consignee_phone': None, 'mawb_no': 'IPC250915412EX', 'processing_status': 'PENDING'}]]
(Background on this error at: https://sqlalche.me/e/20/9h9h)

The above exception was the direct cause of the following exception:

Traceback (most recent call last):
  File "/mnt/gdrive/SeaExpress_Automation_Project/SeaExpress_Core/src/process_excel_order.py", line 235, in process_excel_file
    db_df.to_sql('table_a_raw', con=engine, if_exists='append', index=False)
  File "/usr/local/lib64/python3.12/site-packages/pandas/core/generic.py", line 3052, in to_sql
    return sql.to_sql(
           ^^^^^^^^^^^
  File "/usr/local/lib64/python3.12/site-packages/pandas/io/sql.py", line 841, in to_sql
    return pandas_sql.to_sql(
           ^^^^^^^^^^^^^^^^^^
  File "/usr/local/lib64/python3.12/site-packages/pandas/io/sql.py", line 2037, in to_sql
    total_inserted = sql_engine.insert_records(
                     ^^^^^^^^^^^^^^^^^^^^^^^^^^
  File "/usr/local/lib64/python3.12/site-packages/pandas/io/sql.py", line 1571, in insert_records
    return table.insert(chunksize=chunksize, method=method)
           ^^^^^^^^^^^^^^^^^^^^^^^^^^^^^^^^^^^^^^^^^^^^^^^^
  File "/usr/local/lib64/python3.12/site-packages/pandas/io/sql.py", line 1122, in insert
    num_inserted = exec_insert(conn, keys, chunk_iter)
                   ^^^^^^^^^^^^^^^^^^^^^^^^^^^^^^^^^^^
  File "/usr/local/lib64/python3.12/site-packages/pandas/io/sql.py", line 1014, in _execute_insert
    result = self.pd_sql.execute(self.table.insert(), data)
             ^^^^^^^^^^^^^^^^^^^^^^^^^^^^^^^^^^^^^^^^^^^^^^
  File "/usr/local/lib64/python3.12/site-packages/pandas/io/sql.py", line 1681, in execute
    raise DatabaseError(f"Execution failed on sql '{sql}': {exc}") from exc
pandas.errors.DatabaseError: Execution failed on sql 'INSERT INTO table_a_raw (hawb_no, item_no, description_original, qty, qty_unit, unit_price, total_amount, currency, consignee_name, consignee_id, consignee_phone, mawb_no, processing_status) VALUES (:hawb_no, :item_no, :description_original, :qty, :qty_unit, :unit_price, :total_amount, :currency, :consignee_name, :consignee_id, :consignee_phone, :mawb_no, :processing_status)': (pymysql.err.DataError) (1406, "Data too long for column 'description_original' at row 308")
[SQL: INSERT INTO table_a_raw (hawb_no, item_no, description_original, qty, qty_unit, unit_price, total_amount, currency, consignee_name, consignee_id, consignee_phone, mawb_no, processing_status) VALUES (%(hawb_no)s, %(item_no)s, %(description_original)s, %(qty)s, %(qty_unit)s, %(unit_price)s, %(total_amount)s, %(currency)s, %(consignee_name)s, %(consignee_id)s, %(consignee_phone)s, %(mawb_no)s, %(processing_status)s)]
[parameters: [{'hawb_no': 'LY175767713885', 'item_no': 1, 'description_original': '電線', 'qty': 1, 'qty_unit': 'PCE', 'unit_price': 15, 'total_amount': 15, 'currency': 'TWD', 'consignee_name': None, 'consignee_id': None, 'consignee_phone': None, 'mawb_no': 'IPC250915412EX', 'processing_status': 'PENDING'}, {'hawb_no': 'LY175767713885', 'item_no': 2, 'description_original': '膠水', 'qty': 1, 'qty_unit': 'PCE', 'unit_price': 5, 'total_amount': 5, 'currency': 'TWD', 'consignee_name': None, 'consignee_id': None, 'consignee_phone': None, 'mawb_no': 'IPC250915412EX', 'processing_status': 'PENDING'}, {'hawb_no': 'LY175767713885', 'item_no': 3, 'description_original': '挖耳棒', 'qty': 1, 'qty_unit': 'PCE', 'unit_price': 10, 'total_amount': 10, 'currency': 'TWD', 'consignee_name': None, 'consignee_id': None, 'consignee_phone': None, 'mawb_no': 'IPC250915412EX', 'processing_status': 'PENDING'}, {'hawb_no': 'LY175781981861', 'item_no': 1, 'description_original': '燈具(127044B)', 'qty': 1, 'qty_unit': 'PCE', 'unit_price': 5, 'total_amount': 5, 'currency': 'TWD', 'consignee_name': None, 'consignee_id': None, 'consignee_phone': None, 'mawb_no': 'IPC250915412EX', 'processing_status': 'PENDING'}, {'hawb_no': 'LY175781981861', 'item_no': 2, 'description_original': '調料盒', 'qty': 1, 'qty_unit': 'PCE', 'unit_price': 5, 'total_amount': 5, 'currency': 'TWD', 'consignee_name': None, 'consignee_id': None, 'consignee_phone': None, 'mawb_no': 'IPC250915412EX', 'processing_status': 'PENDING'}, {'hawb_no': 'LY175781981861', 'item_no': 3, 'description_original': '勺子', 'qty': 1, 'qty_unit': 'PCE', 'unit_price': 5, 'total_amount': 5, 'currency': 'TWD', 'consignee_name': None, 'consignee_id': None, 'consignee_phone': None, 'mawb_no': 'IPC250915412EX', 'processing_status': 'PENDING'}, {'hawb_no': 'LY175781981861', 'item_no': 4, 'description_original': '磨刀器', 'qty': 1, 'qty_unit': 'PCE', 'unit_price': 5, 'total_amount': 5, 'currency': 'TWD', 'consignee_name': None, 'consignee_id': None, 'consignee_phone': None, 'mawb_no': 'IPC250915412EX', 'processing_status': 'PENDING'}, {'hawb_no': 'LY175781981861', 'item_no': 5, 'description_original': '耳機保護套', 'qty': 1, 'qty_unit': 'PCE', 'unit_price': 5, 'total_amount': 5, 'currency': 'TWD', 'consignee_name': None, 'consignee_id': None, 'consignee_phone': None, 'mawb_no': 'IPC250915412EX', 'processing_status': 'PENDING'}  ... displaying 10 of 370 total bound parameter sets ...  {'hawb_no': 'LY175786135217', 'item_no': 14, 'description_original': '擺件', 'qty': 1, 'qty_unit': 'PCE', 'unit_price': 50, 'total_amount': 50, 'currency': 'TWD', 'consignee_name': None, 'consignee_id': None, 'consignee_phone': None, 'mawb_no': 'IPC250915412EX', 'processing_status': 'PENDING'}, {'hawb_no': 'LY175786135217', 'item_no': 15, 'description_original': '畫框', 'qty': 3, 'qty_unit': 'PCE', 'unit_price': 50, 'total_amount': 150, 'currency': 'TWD', 'consignee_name': None, 'consignee_id': None, 'consignee_phone': None, 'mawb_no': 'IPC250915412EX', 'processing_status': 'PENDING'}]]
(Background on this error at: https://sqlalche.me/e/20/9h9h)
2026-02-16 22:33:24,989 - INFO - A1 欄位內容 '主提單號碼:' 不符合純英數格式 (可能是中文標題)，將忽略 A1。
2026-02-16 22:33:24,989 - INFO - 使用檔名作為主提單號 (MAWB): IPC250916404EX
2026-02-16 22:33:24,990 - INFO - 開始處理檔案: IPC250916404EX.xlsx, MAWB: IPC250916404EX
2026-02-16 22:33:41,274 - INFO - 舊格式匹配失敗 (非舊格式特徵)，嘗試新格式...
2026-02-16 22:33:54,588 - INFO - 偵測為 [New Format]，解析出 127 筆資料。
2026-02-16 22:33:54,620 - INFO - 成功寫入資料庫！
2026-02-16 22:33:57,966 - INFO - 檔案已移至 processed 資料夾
2026-02-16 22:34:10,007 - INFO - A1 欄位內容 '主提單號碼:' 不符合純英數格式 (可能是中文標題)，將忽略 A1。
2026-02-16 22:34:10,008 - INFO - 使用檔名作為主提單號 (MAWB): IPC250920403EX
2026-02-16 22:34:10,009 - INFO - 開始處理檔案: IPC250920403EX.xlsx, MAWB: IPC250920403EX
2026-02-16 22:34:28,154 - INFO - 舊格式匹配失敗 (非舊格式特徵)，嘗試新格式...
2026-02-16 22:34:45,156 - INFO - 偵測為 [New Format]，解析出 8980 筆資料。
2026-02-16 22:34:45,510 - INFO - 成功寫入資料庫！
2026-02-16 22:34:48,690 - INFO - 檔案已移至 processed 資料夾
2026-02-16 22:34:57,991 - INFO - A1 欄位內容 '主提單號碼:' 不符合純英數格式 (可能是中文標題)，將忽略 A1。
2026-02-16 22:34:57,991 - INFO - 使用檔名作為主提單號 (MAWB): IPC250920419EX
2026-02-16 22:34:57,992 - INFO - 開始處理檔案: IPC250920419EX.xlsx, MAWB: IPC250920419EX
2026-02-16 22:35:18,754 - INFO - 舊格式匹配失敗 (非舊格式特徵)，嘗試新格式...
2026-02-16 22:35:35,474 - INFO - 偵測為 [New Format]，解析出 1446 筆資料。
2026-02-16 22:35:35,586 - INFO - 成功寫入資料庫！
2026-02-16 22:35:39,968 - INFO - 檔案已移至 processed 資料夾
2026-02-16 22:35:50,072 - INFO - A1 欄位內容 '主提單號碼:' 不符合純英數格式 (可能是中文標題)，將忽略 A1。
2026-02-16 22:35:50,072 - INFO - 使用檔名作為主提單號 (MAWB): IPC250920420EX
2026-02-16 22:35:50,073 - INFO - 開始處理檔案: IPC250920420EX.xlsx, MAWB: IPC250920420EX
2026-02-16 22:36:02,795 - INFO - 舊格式匹配失敗 (非舊格式特徵)，嘗試新格式...
2026-02-16 22:36:14,257 - INFO - 偵測為 [New Format]，解析出 149 筆資料。
2026-02-16 22:36:14,293 - INFO - 成功寫入資料庫！
2026-02-16 22:36:16,328 - INFO - 檔案已移至 processed 資料夾
2026-02-16 22:36:35,534 - INFO - A1 欄位內容 '主提單號碼:' 不符合純英數格式 (可能是中文標題)，將忽略 A1。
2026-02-16 22:36:35,534 - INFO - 使用檔名作為主提單號 (MAWB): IPC250922406EX
2026-02-16 22:36:35,535 - INFO - 開始處理檔案: IPC250922406EX.xlsx, MAWB: IPC250922406EX
2026-02-16 22:36:52,095 - INFO - 舊格式匹配失敗 (非舊格式特徵)，嘗試新格式...
2026-02-16 22:37:08,100 - INFO - 偵測為 [New Format]，解析出 10646 筆資料。
2026-02-16 22:37:08,572 - INFO - 成功寫入資料庫！
2026-02-16 22:37:12,102 - INFO - 檔案已移至 processed 資料夾
2026-02-16 22:37:21,118 - INFO - A1 欄位內容 '主提單號碼:' 不符合純英數格式 (可能是中文標題)，將忽略 A1。
2026-02-16 22:37:21,119 - INFO - 使用檔名作為主提單號 (MAWB): IPC250922407EX
2026-02-16 22:37:21,119 - INFO - 開始處理檔案: IPC250922407EX.xlsx, MAWB: IPC250922407EX
2026-02-16 22:37:35,656 - INFO - 舊格式匹配失敗 (非舊格式特徵)，嘗試新格式...
2026-02-16 22:37:51,443 - INFO - 偵測為 [New Format]，解析出 1575 筆資料。
2026-02-16 22:37:51,535 - INFO - 成功寫入資料庫！
2026-02-16 22:37:54,724 - INFO - 檔案已移至 processed 資料夾
2026-02-16 22:38:02,282 - INFO - A1 欄位內容 '主提單號碼:' 不符合純英數格式 (可能是中文標題)，將忽略 A1。
2026-02-16 22:38:02,283 - INFO - 使用檔名作為主提單號 (MAWB): IPC250922408EX
2026-02-16 22:38:02,283 - INFO - 開始處理檔案: IPC250922408EX.xlsx, MAWB: IPC250922408EX
2026-02-16 22:38:11,005 - INFO - 舊格式匹配失敗 (非舊格式特徵)，嘗試新格式...
2026-02-16 22:38:20,070 - INFO - 偵測為 [New Format]，解析出 58 筆資料。
2026-02-16 22:38:20,111 - INFO - 成功寫入資料庫！
2026-02-16 22:38:23,387 - INFO - 檔案已移至 processed 資料夾
2026-02-16 22:38:33,948 - INFO - A1 欄位內容 '主提單號碼:' 不符合純英數格式 (可能是中文標題)，將忽略 A1。
2026-02-16 22:38:33,949 - INFO - 使用檔名作為主提單號 (MAWB): IPC250922411EX
2026-02-16 22:38:33,949 - INFO - 開始處理檔案: IPC250922411EX.xlsx, MAWB: IPC250922411EX
2026-02-16 22:38:51,186 - INFO - 舊格式匹配失敗 (非舊格式特徵)，嘗試新格式...
2026-02-16 22:39:07,456 - INFO - 偵測為 [New Format]，解析出 10355 筆資料。
2026-02-16 22:39:07,919 - INFO - 成功寫入資料庫！
2026-02-16 22:39:10,493 - INFO - 檔案已移至 processed 資料夾
2026-02-16 22:39:18,587 - INFO - A1 欄位內容 '主提單號碼:' 不符合純英數格式 (可能是中文標題)，將忽略 A1。
2026-02-16 22:39:18,588 - INFO - 使用檔名作為主提單號 (MAWB): IPC250923415EX
2026-02-16 22:39:18,588 - INFO - 開始處理檔案: IPC250923415EX.xlsx, MAWB: IPC250923415EX
2026-02-16 22:39:31,860 - INFO - 舊格式匹配失敗 (非舊格式特徵)，嘗試新格式...
2026-02-16 22:39:44,764 - INFO - 偵測為 [New Format]，解析出 838 筆資料。
2026-02-16 22:39:44,830 - ERROR - 處理檔案 IPC250923415EX.xlsx 時發生未預期錯誤: Execution failed on sql 'INSERT INTO table_a_raw (hawb_no, item_no, description_original, qty, qty_unit, unit_price, total_amount, currency, consignee_name, consignee_id, consignee_phone, mawb_no, processing_status) VALUES (:hawb_no, :item_no, :description_original, :qty, :qty_unit, :unit_price, :total_amount, :currency, :consignee_name, :consignee_id, :consignee_phone, :mawb_no, :processing_status)': (pymysql.err.DataError) (1406, "Data too long for column 'description_original' at row 300")
[SQL: INSERT INTO table_a_raw (hawb_no, item_no, description_original, qty, qty_unit, unit_price, total_amount, currency, consignee_name, consignee_id, consignee_phone, mawb_no, processing_status) VALUES (%(hawb_no)s, %(item_no)s, %(description_original)s, %(qty)s, %(qty_unit)s, %(unit_price)s, %(total_amount)s, %(currency)s, %(consignee_name)s, %(consignee_id)s, %(consignee_phone)s, %(mawb_no)s, %(processing_status)s)]
[parameters: [{'hawb_no': 'LY175844030248', 'item_no': 1, 'description_original': '燈', 'qty': 1, 'qty_unit': 'PCE', 'unit_price': 1000, 'total_amount': 1000, 'currency': 'TWD', 'consignee_name': None, 'consignee_id': None, 'consignee_phone': None, 'mawb_no': 'IPC250923415EX', 'processing_status': 'PENDING'}, {'hawb_no': 'LY175844080660', 'item_no': 1, 'description_original': '灯具配件', 'qty': 1, 'qty_unit': 'PCE', 'unit_price': 44, 'total_amount': 44, 'currency': 'TWD', 'consignee_name': None, 'consignee_id': None, 'consignee_phone': None, 'mawb_no': 'IPC250923415EX', 'processing_status': 'PENDING'}, {'hawb_no': 'LY175844080660', 'item_no': 2, 'description_original': '铲胶器', 'qty': 1, 'qty_unit': 'PCE', 'unit_price': 208, 'total_amount': 208, 'currency': 'TWD', 'consignee_name': None, 'consignee_id': None, 'consignee_phone': None, 'mawb_no': 'IPC250923415EX', 'processing_status': 'PENDING'}, {'hawb_no': 'LY175844080660', 'item_no': 3, 'description_original': '沙发脚', 'qty': 1, 'qty_unit': 'PCE', 'unit_price': 120, 'total_amount': 120, 'currency': 'TWD', 'consignee_name': None, 'consignee_id': None, 'consignee_phone': None, 'mawb_no': 'IPC250923415EX', 'processing_status': 'PENDING'}, {'hawb_no': 'LY175844080660', 'item_no': 4, 'description_original': '美工刀', 'qty': 1, 'qty_unit': 'PCE', 'unit_price': 104, 'total_amount': 104, 'currency': 'TWD', 'consignee_name': None, 'consignee_id': None, 'consignee_phone': None, 'mawb_no': 'IPC250923415EX', 'processing_status': 'PENDING'}, {'hawb_no': 'LY175844133801', 'item_no': 1, 'description_original': '文具', 'qty': 1, 'qty_unit': 'PCE', 'unit_price': 800, 'total_amount': 800, 'currency': 'TWD', 'consignee_name': None, 'consignee_id': None, 'consignee_phone': None, 'mawb_no': 'IPC250923415EX', 'processing_status': 'PENDING'}, {'hawb_no': 'LY175844368557', 'item_no': 1, 'description_original': '燈', 'qty': 11, 'qty_unit': 'PCE', 'unit_price': 138, 'total_amount': 1518, 'currency': 'TWD', 'consignee_name': None, 'consignee_id': None, 'consignee_phone': None, 'mawb_no': 'IPC250923415EX', 'processing_status': 'PENDING'}, {'hawb_no': 'LY175844412443', 'item_no': 1, 'description_original': '海绵擦', 'qty': 1, 'qty_unit': 'PCE', 'unit_price': 5, 'total_amount': 5, 'currency': 'TWD', 'consignee_name': None, 'consignee_id': None, 'consignee_phone': None, 'mawb_no': 'IPC250923415EX', 'processing_status': 'PENDING'}  ... displaying 10 of 838 total bound parameter sets ...  {'hawb_no': 'LY175852767301', 'item_no': 1, 'description_original': '鞋架', 'qty': 1, 'qty_unit': 'PCE', 'unit_price': 800, 'total_amount': 800, 'currency': 'TWD', 'consignee_name': None, 'consignee_id': None, 'consignee_phone': None, 'mawb_no': 'IPC250923415EX', 'processing_status': 'PENDING'}, {'hawb_no': 'LY175852846023', 'item_no': 1, 'description_original': '反光安全服', 'qty': 2, 'qty_unit': 'PCE', 'unit_price': 480, 'total_amount': 960, 'currency': 'TWD', 'consignee_name': None, 'consignee_id': None, 'consignee_phone': None, 'mawb_no': 'IPC250923415EX', 'processing_status': 'PENDING'}]]
(Background on this error at: https://sqlalche.me/e/20/9h9h)
Traceback (most recent call last):
  File "/usr/local/lib64/python3.12/site-packages/sqlalchemy/engine/base.py", line 1936, in _exec_single_context
    self.dialect.do_executemany(
  File "/usr/local/lib64/python3.12/site-packages/sqlalchemy/dialects/mysql/mysqldb.py", line 196, in do_executemany
    rowcount = cursor.executemany(statement, parameters)
               ^^^^^^^^^^^^^^^^^^^^^^^^^^^^^^^^^^^^^^^^^
  File "/usr/local/lib/python3.12/site-packages/pymysql/cursors.py", line 182, in executemany
    return self._do_execute_many(
           ^^^^^^^^^^^^^^^^^^^^^^
  File "/usr/local/lib/python3.12/site-packages/pymysql/cursors.py", line 220, in _do_execute_many
    rows += self.execute(sql + postfix)
            ^^^^^^^^^^^^^^^^^^^^^^^^^^^
  File "/usr/local/lib/python3.12/site-packages/pymysql/cursors.py", line 153, in execute
    result = self._query(query)
             ^^^^^^^^^^^^^^^^^^
  File "/usr/local/lib/python3.12/site-packages/pymysql/cursors.py", line 322, in _query
    conn.query(q)
  File "/usr/local/lib/python3.12/site-packages/pymysql/connections.py", line 575, in query
    self._affected_rows = self._read_query_result(unbuffered=unbuffered)
                          ^^^^^^^^^^^^^^^^^^^^^^^^^^^^^^^^^^^^^^^^^^^^^^
  File "/usr/local/lib/python3.12/site-packages/pymysql/connections.py", line 826, in _read_query_result
    result.read()
  File "/usr/local/lib/python3.12/site-packages/pymysql/connections.py", line 1203, in read
    first_packet = self.connection._read_packet()
                   ^^^^^^^^^^^^^^^^^^^^^^^^^^^^^^
  File "/usr/local/lib/python3.12/site-packages/pymysql/connections.py", line 782, in _read_packet
    packet.raise_for_error()
  File "/usr/local/lib/python3.12/site-packages/pymysql/protocol.py", line 219, in raise_for_error
    err.raise_mysql_exception(self._data)
  File "/usr/local/lib/python3.12/site-packages/pymysql/err.py", line 150, in raise_mysql_exception
    raise errorclass(errno, errval)
pymysql.err.DataError: (1406, "Data too long for column 'description_original' at row 300")

The above exception was the direct cause of the following exception:

Traceback (most recent call last):
  File "/usr/local/lib64/python3.12/site-packages/pandas/io/sql.py", line 1679, in execute
    return execute_function(sql, *args)
           ^^^^^^^^^^^^^^^^^^^^^^^^^^^^
  File "/usr/local/lib64/python3.12/site-packages/sqlalchemy/engine/base.py", line 1419, in execute
    return meth(
           ^^^^^
  File "/usr/local/lib64/python3.12/site-packages/sqlalchemy/sql/elements.py", line 527, in _execute_on_connection
    return connection._execute_clauseelement(
           ^^^^^^^^^^^^^^^^^^^^^^^^^^^^^^^^^^
  File "/usr/local/lib64/python3.12/site-packages/sqlalchemy/engine/base.py", line 1641, in _execute_clauseelement
    ret = self._execute_context(
          ^^^^^^^^^^^^^^^^^^^^^^
  File "/usr/local/lib64/python3.12/site-packages/sqlalchemy/engine/base.py", line 1846, in _execute_context
    return self._exec_single_context(
           ^^^^^^^^^^^^^^^^^^^^^^^^^^
  File "/usr/local/lib64/python3.12/site-packages/sqlalchemy/engine/base.py", line 1986, in _exec_single_context
    self._handle_dbapi_exception(
  File "/usr/local/lib64/python3.12/site-packages/sqlalchemy/engine/base.py", line 2363, in _handle_dbapi_exception
    raise sqlalchemy_exception.with_traceback(exc_info[2]) from e
  File "/usr/local/lib64/python3.12/site-packages/sqlalchemy/engine/base.py", line 1936, in _exec_single_context
    self.dialect.do_executemany(
  File "/usr/local/lib64/python3.12/site-packages/sqlalchemy/dialects/mysql/mysqldb.py", line 196, in do_executemany
    rowcount = cursor.executemany(statement, parameters)
               ^^^^^^^^^^^^^^^^^^^^^^^^^^^^^^^^^^^^^^^^^
  File "/usr/local/lib/python3.12/site-packages/pymysql/cursors.py", line 182, in executemany
    return self._do_execute_many(
           ^^^^^^^^^^^^^^^^^^^^^^
  File "/usr/local/lib/python3.12/site-packages/pymysql/cursors.py", line 220, in _do_execute_many
    rows += self.execute(sql + postfix)
            ^^^^^^^^^^^^^^^^^^^^^^^^^^^
  File "/usr/local/lib/python3.12/site-packages/pymysql/cursors.py", line 153, in execute
    result = self._query(query)
             ^^^^^^^^^^^^^^^^^^
  File "/usr/local/lib/python3.12/site-packages/pymysql/cursors.py", line 322, in _query
    conn.query(q)
  File "/usr/local/lib/python3.12/site-packages/pymysql/connections.py", line 575, in query
    self._affected_rows = self._read_query_result(unbuffered=unbuffered)
                          ^^^^^^^^^^^^^^^^^^^^^^^^^^^^^^^^^^^^^^^^^^^^^^
  File "/usr/local/lib/python3.12/site-packages/pymysql/connections.py", line 826, in _read_query_result
    result.read()
  File "/usr/local/lib/python3.12/site-packages/pymysql/connections.py", line 1203, in read
    first_packet = self.connection._read_packet()
                   ^^^^^^^^^^^^^^^^^^^^^^^^^^^^^^
  File "/usr/local/lib/python3.12/site-packages/pymysql/connections.py", line 782, in _read_packet
    packet.raise_for_error()
  File "/usr/local/lib/python3.12/site-packages/pymysql/protocol.py", line 219, in raise_for_error
    err.raise_mysql_exception(self._data)
  File "/usr/local/lib/python3.12/site-packages/pymysql/err.py", line 150, in raise_mysql_exception
    raise errorclass(errno, errval)
sqlalchemy.exc.DataError: (pymysql.err.DataError) (1406, "Data too long for column 'description_original' at row 300")
[SQL: INSERT INTO table_a_raw (hawb_no, item_no, description_original, qty, qty_unit, unit_price, total_amount, currency, consignee_name, consignee_id, consignee_phone, mawb_no, processing_status) VALUES (%(hawb_no)s, %(item_no)s, %(description_original)s, %(qty)s, %(qty_unit)s, %(unit_price)s, %(total_amount)s, %(currency)s, %(consignee_name)s, %(consignee_id)s, %(consignee_phone)s, %(mawb_no)s, %(processing_status)s)]
[parameters: [{'hawb_no': 'LY175844030248', 'item_no': 1, 'description_original': '燈', 'qty': 1, 'qty_unit': 'PCE', 'unit_price': 1000, 'total_amount': 1000, 'currency': 'TWD', 'consignee_name': None, 'consignee_id': None, 'consignee_phone': None, 'mawb_no': 'IPC250923415EX', 'processing_status': 'PENDING'}, {'hawb_no': 'LY175844080660', 'item_no': 1, 'description_original': '灯具配件', 'qty': 1, 'qty_unit': 'PCE', 'unit_price': 44, 'total_amount': 44, 'currency': 'TWD', 'consignee_name': None, 'consignee_id': None, 'consignee_phone': None, 'mawb_no': 'IPC250923415EX', 'processing_status': 'PENDING'}, {'hawb_no': 'LY175844080660', 'item_no': 2, 'description_original': '铲胶器', 'qty': 1, 'qty_unit': 'PCE', 'unit_price': 208, 'total_amount': 208, 'currency': 'TWD', 'consignee_name': None, 'consignee_id': None, 'consignee_phone': None, 'mawb_no': 'IPC250923415EX', 'processing_status': 'PENDING'}, {'hawb_no': 'LY175844080660', 'item_no': 3, 'description_original': '沙发脚', 'qty': 1, 'qty_unit': 'PCE', 'unit_price': 120, 'total_amount': 120, 'currency': 'TWD', 'consignee_name': None, 'consignee_id': None, 'consignee_phone': None, 'mawb_no': 'IPC250923415EX', 'processing_status': 'PENDING'}, {'hawb_no': 'LY175844080660', 'item_no': 4, 'description_original': '美工刀', 'qty': 1, 'qty_unit': 'PCE', 'unit_price': 104, 'total_amount': 104, 'currency': 'TWD', 'consignee_name': None, 'consignee_id': None, 'consignee_phone': None, 'mawb_no': 'IPC250923415EX', 'processing_status': 'PENDING'}, {'hawb_no': 'LY175844133801', 'item_no': 1, 'description_original': '文具', 'qty': 1, 'qty_unit': 'PCE', 'unit_price': 800, 'total_amount': 800, 'currency': 'TWD', 'consignee_name': None, 'consignee_id': None, 'consignee_phone': None, 'mawb_no': 'IPC250923415EX', 'processing_status': 'PENDING'}, {'hawb_no': 'LY175844368557', 'item_no': 1, 'description_original': '燈', 'qty': 11, 'qty_unit': 'PCE', 'unit_price': 138, 'total_amount': 1518, 'currency': 'TWD', 'consignee_name': None, 'consignee_id': None, 'consignee_phone': None, 'mawb_no': 'IPC250923415EX', 'processing_status': 'PENDING'}, {'hawb_no': 'LY175844412443', 'item_no': 1, 'description_original': '海绵擦', 'qty': 1, 'qty_unit': 'PCE', 'unit_price': 5, 'total_amount': 5, 'currency': 'TWD', 'consignee_name': None, 'consignee_id': None, 'consignee_phone': None, 'mawb_no': 'IPC250923415EX', 'processing_status': 'PENDING'}  ... displaying 10 of 838 total bound parameter sets ...  {'hawb_no': 'LY175852767301', 'item_no': 1, 'description_original': '鞋架', 'qty': 1, 'qty_unit': 'PCE', 'unit_price': 800, 'total_amount': 800, 'currency': 'TWD', 'consignee_name': None, 'consignee_id': None, 'consignee_phone': None, 'mawb_no': 'IPC250923415EX', 'processing_status': 'PENDING'}, {'hawb_no': 'LY175852846023', 'item_no': 1, 'description_original': '反光安全服', 'qty': 2, 'qty_unit': 'PCE', 'unit_price': 480, 'total_amount': 960, 'currency': 'TWD', 'consignee_name': None, 'consignee_id': None, 'consignee_phone': None, 'mawb_no': 'IPC250923415EX', 'processing_status': 'PENDING'}]]
(Background on this error at: https://sqlalche.me/e/20/9h9h)

The above exception was the direct cause of the following exception:

Traceback (most recent call last):
  File "/mnt/gdrive/SeaExpress_Automation_Project/SeaExpress_Core/src/process_excel_order.py", line 235, in process_excel_file
    db_df.to_sql('table_a_raw', con=engine, if_exists='append', index=False)
  File "/usr/local/lib64/python3.12/site-packages/pandas/core/generic.py", line 3052, in to_sql
    return sql.to_sql(
           ^^^^^^^^^^^
  File "/usr/local/lib64/python3.12/site-packages/pandas/io/sql.py", line 841, in to_sql
    return pandas_sql.to_sql(
           ^^^^^^^^^^^^^^^^^^
  File "/usr/local/lib64/python3.12/site-packages/pandas/io/sql.py", line 2037, in to_sql
    total_inserted = sql_engine.insert_records(
                     ^^^^^^^^^^^^^^^^^^^^^^^^^^
  File "/usr/local/lib64/python3.12/site-packages/pandas/io/sql.py", line 1571, in insert_records
    return table.insert(chunksize=chunksize, method=method)
           ^^^^^^^^^^^^^^^^^^^^^^^^^^^^^^^^^^^^^^^^^^^^^^^^
  File "/usr/local/lib64/python3.12/site-packages/pandas/io/sql.py", line 1122, in insert
    num_inserted = exec_insert(conn, keys, chunk_iter)
                   ^^^^^^^^^^^^^^^^^^^^^^^^^^^^^^^^^^^
  File "/usr/local/lib64/python3.12/site-packages/pandas/io/sql.py", line 1014, in _execute_insert
    result = self.pd_sql.execute(self.table.insert(), data)
             ^^^^^^^^^^^^^^^^^^^^^^^^^^^^^^^^^^^^^^^^^^^^^^
  File "/usr/local/lib64/python3.12/site-packages/pandas/io/sql.py", line 1681, in execute
    raise DatabaseError(f"Execution failed on sql '{sql}': {exc}") from exc
pandas.errors.DatabaseError: Execution failed on sql 'INSERT INTO table_a_raw (hawb_no, item_no, description_original, qty, qty_unit, unit_price, total_amount, currency, consignee_name, consignee_id, consignee_phone, mawb_no, processing_status) VALUES (:hawb_no, :item_no, :description_original, :qty, :qty_unit, :unit_price, :total_amount, :currency, :consignee_name, :consignee_id, :consignee_phone, :mawb_no, :processing_status)': (pymysql.err.DataError) (1406, "Data too long for column 'description_original' at row 300")
[SQL: INSERT INTO table_a_raw (hawb_no, item_no, description_original, qty, qty_unit, unit_price, total_amount, currency, consignee_name, consignee_id, consignee_phone, mawb_no, processing_status) VALUES (%(hawb_no)s, %(item_no)s, %(description_original)s, %(qty)s, %(qty_unit)s, %(unit_price)s, %(total_amount)s, %(currency)s, %(consignee_name)s, %(consignee_id)s, %(consignee_phone)s, %(mawb_no)s, %(processing_status)s)]
[parameters: [{'hawb_no': 'LY175844030248', 'item_no': 1, 'description_original': '燈', 'qty': 1, 'qty_unit': 'PCE', 'unit_price': 1000, 'total_amount': 1000, 'currency': 'TWD', 'consignee_name': None, 'consignee_id': None, 'consignee_phone': None, 'mawb_no': 'IPC250923415EX', 'processing_status': 'PENDING'}, {'hawb_no': 'LY175844080660', 'item_no': 1, 'description_original': '灯具配件', 'qty': 1, 'qty_unit': 'PCE', 'unit_price': 44, 'total_amount': 44, 'currency': 'TWD', 'consignee_name': None, 'consignee_id': None, 'consignee_phone': None, 'mawb_no': 'IPC250923415EX', 'processing_status': 'PENDING'}, {'hawb_no': 'LY175844080660', 'item_no': 2, 'description_original': '铲胶器', 'qty': 1, 'qty_unit': 'PCE', 'unit_price': 208, 'total_amount': 208, 'currency': 'TWD', 'consignee_name': None, 'consignee_id': None, 'consignee_phone': None, 'mawb_no': 'IPC250923415EX', 'processing_status': 'PENDING'}, {'hawb_no': 'LY175844080660', 'item_no': 3, 'description_original': '沙发脚', 'qty': 1, 'qty_unit': 'PCE', 'unit_price': 120, 'total_amount': 120, 'currency': 'TWD', 'consignee_name': None, 'consignee_id': None, 'consignee_phone': None, 'mawb_no': 'IPC250923415EX', 'processing_status': 'PENDING'}, {'hawb_no': 'LY175844080660', 'item_no': 4, 'description_original': '美工刀', 'qty': 1, 'qty_unit': 'PCE', 'unit_price': 104, 'total_amount': 104, 'currency': 'TWD', 'consignee_name': None, 'consignee_id': None, 'consignee_phone': None, 'mawb_no': 'IPC250923415EX', 'processing_status': 'PENDING'}, {'hawb_no': 'LY175844133801', 'item_no': 1, 'description_original': '文具', 'qty': 1, 'qty_unit': 'PCE', 'unit_price': 800, 'total_amount': 800, 'currency': 'TWD', 'consignee_name': None, 'consignee_id': None, 'consignee_phone': None, 'mawb_no': 'IPC250923415EX', 'processing_status': 'PENDING'}, {'hawb_no': 'LY175844368557', 'item_no': 1, 'description_original': '燈', 'qty': 11, 'qty_unit': 'PCE', 'unit_price': 138, 'total_amount': 1518, 'currency': 'TWD', 'consignee_name': None, 'consignee_id': None, 'consignee_phone': None, 'mawb_no': 'IPC250923415EX', 'processing_status': 'PENDING'}, {'hawb_no': 'LY175844412443', 'item_no': 1, 'description_original': '海绵擦', 'qty': 1, 'qty_unit': 'PCE', 'unit_price': 5, 'total_amount': 5, 'currency': 'TWD', 'consignee_name': None, 'consignee_id': None, 'consignee_phone': None, 'mawb_no': 'IPC250923415EX', 'processing_status': 'PENDING'}  ... displaying 10 of 838 total bound parameter sets ...  {'hawb_no': 'LY175852767301', 'item_no': 1, 'description_original': '鞋架', 'qty': 1, 'qty_unit': 'PCE', 'unit_price': 800, 'total_amount': 800, 'currency': 'TWD', 'consignee_name': None, 'consignee_id': None, 'consignee_phone': None, 'mawb_no': 'IPC250923415EX', 'processing_status': 'PENDING'}, {'hawb_no': 'LY175852846023', 'item_no': 1, 'description_original': '反光安全服', 'qty': 2, 'qty_unit': 'PCE', 'unit_price': 480, 'total_amount': 960, 'currency': 'TWD', 'consignee_name': None, 'consignee_id': None, 'consignee_phone': None, 'mawb_no': 'IPC250923415EX', 'processing_status': 'PENDING'}]]
(Background on this error at: https://sqlalche.me/e/20/9h9h)
2026-02-16 22:39:53,987 - INFO - A1 欄位內容 '主提單號碼:' 不符合純英數格式 (可能是中文標題)，將忽略 A1。
2026-02-16 22:39:53,988 - INFO - 使用檔名作為主提單號 (MAWB): IPC250923417EX
2026-02-16 22:39:53,988 - INFO - 開始處理檔案: IPC250923417EX.xlsx, MAWB: IPC250923417EX
2026-02-16 22:40:04,441 - INFO - 舊格式匹配失敗 (非舊格式特徵)，嘗試新格式...
2026-02-16 22:40:18,713 - INFO - 偵測為 [New Format]，解析出 274 筆資料。
2026-02-16 22:40:18,770 - INFO - 成功寫入資料庫！
2026-02-16 22:40:38,173 - INFO - 檔案已移至 processed 資料夾
2026-02-16 22:40:45,238 - INFO - A1 欄位內容 '主提單號碼:' 不符合純英數格式 (可能是中文標題)，將忽略 A1。
2026-02-16 22:40:45,239 - INFO - 使用檔名作為主提單號 (MAWB): IPC250923418EX
2026-02-16 22:40:45,239 - INFO - 開始處理檔案: IPC250923418EX.xlsx, MAWB: IPC250923418EX
2026-02-16 22:40:56,251 - INFO - 舊格式匹配失敗 (非舊格式特徵)，嘗試新格式...
2026-02-16 22:41:07,804 - INFO - 偵測為 [New Format]，解析出 1006 筆資料。
2026-02-16 22:41:07,901 - ERROR - 處理檔案 IPC250923418EX.xlsx 時發生未預期錯誤: Execution failed on sql 'INSERT INTO table_a_raw (hawb_no, item_no, description_original, qty, qty_unit, unit_price, total_amount, currency, consignee_name, consignee_id, consignee_phone, mawb_no, processing_status) VALUES (:hawb_no, :item_no, :description_original, :qty, :qty_unit, :unit_price, :total_amount, :currency, :consignee_name, :consignee_id, :consignee_phone, :mawb_no, :processing_status)': (pymysql.err.DataError) (1406, "Data too long for column 'description_original' at row 904")
[SQL: INSERT INTO table_a_raw (hawb_no, item_no, description_original, qty, qty_unit, unit_price, total_amount, currency, consignee_name, consignee_id, consignee_phone, mawb_no, processing_status) VALUES (%(hawb_no)s, %(item_no)s, %(description_original)s, %(qty)s, %(qty_unit)s, %(unit_price)s, %(total_amount)s, %(currency)s, %(consignee_name)s, %(consignee_id)s, %(consignee_phone)s, %(mawb_no)s, %(processing_status)s)]
[parameters: [{'hawb_no': 'LY175851307353', 'item_no': 1, 'description_original': '過濾網，褲子，衣服，汽車墊，手套，汽球，清潔劑', 'qty': 20, 'qty_unit': 'PCE', 'unit_price': 400, 'total_amount': 8000, 'currency': 'TWD', 'consignee_name': None, 'consignee_id': None, 'consignee_phone': None, 'mawb_no': 'IPC250923418EX', 'processing_status': 'PENDING'}, {'hawb_no': 'LY175852077135', 'item_no': 1, 'description_original': '波西塔塔 少量韓國ins小眾可愛小貓小狗插畫陶瓷橢圓盤brunch盤,眼鏡盒', 'qty': 1, 'qty_unit': 'PCE', 'unit_price': 800, 'total_amount': 800, 'currency': 'TWD', 'consignee_name': None, 'consignee_id': None, 'consignee_phone': None, 'mawb_no': 'IPC250923418EX', 'processing_status': 'PENDING'}, {'hawb_no': 'LY175852208726', 'item_no': 1, 'description_original': '收纳盒', 'qty': 1, 'qty_unit': 'PCE', 'unit_price': 10, 'total_amount': 10, 'currency': 'TWD', 'consignee_name': None, 'consignee_id': None, 'consignee_phone': None, 'mawb_no': 'IPC250923418EX', 'processing_status': 'PENDING'}, {'hawb_no': 'LY175852209835', 'item_no': 1, 'description_original': '貓籠子', 'qty': 1, 'qty_unit': 'PCE', 'unit_price': 4940, 'total_amount': 4940, 'currency': 'TWD', 'consignee_name': None, 'consignee_id': None, 'consignee_phone': None, 'mawb_no': 'IPC250923418EX', 'processing_status': 'PENDING'}, {'hawb_no': 'LY175852531091', 'item_no': 1, 'description_original': '客人綠色拖鞋', 'qty': 1, 'qty_unit': 'PCE', 'unit_price': 5, 'total_amount': 5, 'currency': 'TWD', 'consignee_name': None, 'consignee_id': None, 'consignee_phone': None, 'mawb_no': 'IPC250923418EX', 'processing_status': 'PENDING'}, {'hawb_no': 'LY175852531091', 'item_no': 2, 'description_original': '卡通文具組裝包', 'qty': 1, 'qty_unit': 'PCE', 'unit_price': 5, 'total_amount': 5, 'currency': 'TWD', 'consignee_name': None, 'consignee_id': None, 'consignee_phone': None, 'mawb_no': 'IPC250923418EX', 'processing_status': 'PENDING'}, {'hawb_no': 'LY175852531091', 'item_no': 3, 'description_original': '客人4色包包', 'qty': 1, 'qty_unit': 'PCE', 'unit_price': 5, 'total_amount': 5, 'currency': 'TWD', 'consignee_name': None, 'consignee_id': None, 'consignee_phone': None, 'mawb_no': 'IPC250923418EX', 'processing_status': 'PENDING'}, {'hawb_no': 'LY175852531091', 'item_no': 4, 'description_original': '布丁杯', 'qty': 1, 'qty_unit': 'PCE', 'unit_price': 5, 'total_amount': 5, 'currency': 'TWD', 'consignee_name': None, 'consignee_id': None, 'consignee_phone': None, 'mawb_no': 'IPC250923418EX', 'processing_status': 'PENDING'}  ... displaying 10 of 1006 total bound parameter sets ...  {'hawb_no': 'LY175859208697', 'item_no': 12, 'description_original': '鐵盤', 'qty': 1, 'qty_unit': 'PCE', 'unit_price': 50, 'total_amount': 50, 'currency': 'TWD', 'consignee_name': None, 'consignee_id': None, 'consignee_phone': None, 'mawb_no': 'IPC250923418EX', 'processing_status': 'PENDING'}, {'hawb_no': 'LY175859208697', 'item_no': 13, 'description_original': '貼紙書', 'qty': 1, 'qty_unit': 'PCE', 'unit_price': 5, 'total_amount': 5, 'currency': 'TWD', 'consignee_name': None, 'consignee_id': None, 'consignee_phone': None, 'mawb_no': 'IPC250923418EX', 'processing_status': 'PENDING'}]]
(Background on this error at: https://sqlalche.me/e/20/9h9h)
Traceback (most recent call last):
  File "/usr/local/lib64/python3.12/site-packages/sqlalchemy/engine/base.py", line 1936, in _exec_single_context
    self.dialect.do_executemany(
  File "/usr/local/lib64/python3.12/site-packages/sqlalchemy/dialects/mysql/mysqldb.py", line 196, in do_executemany
    rowcount = cursor.executemany(statement, parameters)
               ^^^^^^^^^^^^^^^^^^^^^^^^^^^^^^^^^^^^^^^^^
  File "/usr/local/lib/python3.12/site-packages/pymysql/cursors.py", line 182, in executemany
    return self._do_execute_many(
           ^^^^^^^^^^^^^^^^^^^^^^
  File "/usr/local/lib/python3.12/site-packages/pymysql/cursors.py", line 220, in _do_execute_many
    rows += self.execute(sql + postfix)
            ^^^^^^^^^^^^^^^^^^^^^^^^^^^
  File "/usr/local/lib/python3.12/site-packages/pymysql/cursors.py", line 153, in execute
    result = self._query(query)
             ^^^^^^^^^^^^^^^^^^
  File "/usr/local/lib/python3.12/site-packages/pymysql/cursors.py", line 322, in _query
    conn.query(q)
  File "/usr/local/lib/python3.12/site-packages/pymysql/connections.py", line 575, in query
    self._affected_rows = self._read_query_result(unbuffered=unbuffered)
                          ^^^^^^^^^^^^^^^^^^^^^^^^^^^^^^^^^^^^^^^^^^^^^^
  File "/usr/local/lib/python3.12/site-packages/pymysql/connections.py", line 826, in _read_query_result
    result.read()
  File "/usr/local/lib/python3.12/site-packages/pymysql/connections.py", line 1203, in read
    first_packet = self.connection._read_packet()
                   ^^^^^^^^^^^^^^^^^^^^^^^^^^^^^^
  File "/usr/local/lib/python3.12/site-packages/pymysql/connections.py", line 782, in _read_packet
    packet.raise_for_error()
  File "/usr/local/lib/python3.12/site-packages/pymysql/protocol.py", line 219, in raise_for_error
    err.raise_mysql_exception(self._data)
  File "/usr/local/lib/python3.12/site-packages/pymysql/err.py", line 150, in raise_mysql_exception
    raise errorclass(errno, errval)
pymysql.err.DataError: (1406, "Data too long for column 'description_original' at row 904")

The above exception was the direct cause of the following exception:

Traceback (most recent call last):
  File "/usr/local/lib64/python3.12/site-packages/pandas/io/sql.py", line 1679, in execute
    return execute_function(sql, *args)
           ^^^^^^^^^^^^^^^^^^^^^^^^^^^^
  File "/usr/local/lib64/python3.12/site-packages/sqlalchemy/engine/base.py", line 1419, in execute
    return meth(
           ^^^^^
  File "/usr/local/lib64/python3.12/site-packages/sqlalchemy/sql/elements.py", line 527, in _execute_on_connection
    return connection._execute_clauseelement(
           ^^^^^^^^^^^^^^^^^^^^^^^^^^^^^^^^^^
  File "/usr/local/lib64/python3.12/site-packages/sqlalchemy/engine/base.py", line 1641, in _execute_clauseelement
    ret = self._execute_context(
          ^^^^^^^^^^^^^^^^^^^^^^
  File "/usr/local/lib64/python3.12/site-packages/sqlalchemy/engine/base.py", line 1846, in _execute_context
    return self._exec_single_context(
           ^^^^^^^^^^^^^^^^^^^^^^^^^^
  File "/usr/local/lib64/python3.12/site-packages/sqlalchemy/engine/base.py", line 1986, in _exec_single_context
    self._handle_dbapi_exception(
  File "/usr/local/lib64/python3.12/site-packages/sqlalchemy/engine/base.py", line 2363, in _handle_dbapi_exception
    raise sqlalchemy_exception.with_traceback(exc_info[2]) from e
  File "/usr/local/lib64/python3.12/site-packages/sqlalchemy/engine/base.py", line 1936, in _exec_single_context
    self.dialect.do_executemany(
  File "/usr/local/lib64/python3.12/site-packages/sqlalchemy/dialects/mysql/mysqldb.py", line 196, in do_executemany
    rowcount = cursor.executemany(statement, parameters)
               ^^^^^^^^^^^^^^^^^^^^^^^^^^^^^^^^^^^^^^^^^
  File "/usr/local/lib/python3.12/site-packages/pymysql/cursors.py", line 182, in executemany
    return self._do_execute_many(
           ^^^^^^^^^^^^^^^^^^^^^^
  File "/usr/local/lib/python3.12/site-packages/pymysql/cursors.py", line 220, in _do_execute_many
    rows += self.execute(sql + postfix)
            ^^^^^^^^^^^^^^^^^^^^^^^^^^^
  File "/usr/local/lib/python3.12/site-packages/pymysql/cursors.py", line 153, in execute
    result = self._query(query)
             ^^^^^^^^^^^^^^^^^^
  File "/usr/local/lib/python3.12/site-packages/pymysql/cursors.py", line 322, in _query
    conn.query(q)
  File "/usr/local/lib/python3.12/site-packages/pymysql/connections.py", line 575, in query
    self._affected_rows = self._read_query_result(unbuffered=unbuffered)
                          ^^^^^^^^^^^^^^^^^^^^^^^^^^^^^^^^^^^^^^^^^^^^^^
  File "/usr/local/lib/python3.12/site-packages/pymysql/connections.py", line 826, in _read_query_result
    result.read()
  File "/usr/local/lib/python3.12/site-packages/pymysql/connections.py", line 1203, in read
    first_packet = self.connection._read_packet()
                   ^^^^^^^^^^^^^^^^^^^^^^^^^^^^^^
  File "/usr/local/lib/python3.12/site-packages/pymysql/connections.py", line 782, in _read_packet
    packet.raise_for_error()
  File "/usr/local/lib/python3.12/site-packages/pymysql/protocol.py", line 219, in raise_for_error
    err.raise_mysql_exception(self._data)
  File "/usr/local/lib/python3.12/site-packages/pymysql/err.py", line 150, in raise_mysql_exception
    raise errorclass(errno, errval)
sqlalchemy.exc.DataError: (pymysql.err.DataError) (1406, "Data too long for column 'description_original' at row 904")
[SQL: INSERT INTO table_a_raw (hawb_no, item_no, description_original, qty, qty_unit, unit_price, total_amount, currency, consignee_name, consignee_id, consignee_phone, mawb_no, processing_status) VALUES (%(hawb_no)s, %(item_no)s, %(description_original)s, %(qty)s, %(qty_unit)s, %(unit_price)s, %(total_amount)s, %(currency)s, %(consignee_name)s, %(consignee_id)s, %(consignee_phone)s, %(mawb_no)s, %(processing_status)s)]
[parameters: [{'hawb_no': 'LY175851307353', 'item_no': 1, 'description_original': '過濾網，褲子，衣服，汽車墊，手套，汽球，清潔劑', 'qty': 20, 'qty_unit': 'PCE', 'unit_price': 400, 'total_amount': 8000, 'currency': 'TWD', 'consignee_name': None, 'consignee_id': None, 'consignee_phone': None, 'mawb_no': 'IPC250923418EX', 'processing_status': 'PENDING'}, {'hawb_no': 'LY175852077135', 'item_no': 1, 'description_original': '波西塔塔 少量韓國ins小眾可愛小貓小狗插畫陶瓷橢圓盤brunch盤,眼鏡盒', 'qty': 1, 'qty_unit': 'PCE', 'unit_price': 800, 'total_amount': 800, 'currency': 'TWD', 'consignee_name': None, 'consignee_id': None, 'consignee_phone': None, 'mawb_no': 'IPC250923418EX', 'processing_status': 'PENDING'}, {'hawb_no': 'LY175852208726', 'item_no': 1, 'description_original': '收纳盒', 'qty': 1, 'qty_unit': 'PCE', 'unit_price': 10, 'total_amount': 10, 'currency': 'TWD', 'consignee_name': None, 'consignee_id': None, 'consignee_phone': None, 'mawb_no': 'IPC250923418EX', 'processing_status': 'PENDING'}, {'hawb_no': 'LY175852209835', 'item_no': 1, 'description_original': '貓籠子', 'qty': 1, 'qty_unit': 'PCE', 'unit_price': 4940, 'total_amount': 4940, 'currency': 'TWD', 'consignee_name': None, 'consignee_id': None, 'consignee_phone': None, 'mawb_no': 'IPC250923418EX', 'processing_status': 'PENDING'}, {'hawb_no': 'LY175852531091', 'item_no': 1, 'description_original': '客人綠色拖鞋', 'qty': 1, 'qty_unit': 'PCE', 'unit_price': 5, 'total_amount': 5, 'currency': 'TWD', 'consignee_name': None, 'consignee_id': None, 'consignee_phone': None, 'mawb_no': 'IPC250923418EX', 'processing_status': 'PENDING'}, {'hawb_no': 'LY175852531091', 'item_no': 2, 'description_original': '卡通文具組裝包', 'qty': 1, 'qty_unit': 'PCE', 'unit_price': 5, 'total_amount': 5, 'currency': 'TWD', 'consignee_name': None, 'consignee_id': None, 'consignee_phone': None, 'mawb_no': 'IPC250923418EX', 'processing_status': 'PENDING'}, {'hawb_no': 'LY175852531091', 'item_no': 3, 'description_original': '客人4色包包', 'qty': 1, 'qty_unit': 'PCE', 'unit_price': 5, 'total_amount': 5, 'currency': 'TWD', 'consignee_name': None, 'consignee_id': None, 'consignee_phone': None, 'mawb_no': 'IPC250923418EX', 'processing_status': 'PENDING'}, {'hawb_no': 'LY175852531091', 'item_no': 4, 'description_original': '布丁杯', 'qty': 1, 'qty_unit': 'PCE', 'unit_price': 5, 'total_amount': 5, 'currency': 'TWD', 'consignee_name': None, 'consignee_id': None, 'consignee_phone': None, 'mawb_no': 'IPC250923418EX', 'processing_status': 'PENDING'}  ... displaying 10 of 1006 total bound parameter sets ...  {'hawb_no': 'LY175859208697', 'item_no': 12, 'description_original': '鐵盤', 'qty': 1, 'qty_unit': 'PCE', 'unit_price': 50, 'total_amount': 50, 'currency': 'TWD', 'consignee_name': None, 'consignee_id': None, 'consignee_phone': None, 'mawb_no': 'IPC250923418EX', 'processing_status': 'PENDING'}, {'hawb_no': 'LY175859208697', 'item_no': 13, 'description_original': '貼紙書', 'qty': 1, 'qty_unit': 'PCE', 'unit_price': 5, 'total_amount': 5, 'currency': 'TWD', 'consignee_name': None, 'consignee_id': None, 'consignee_phone': None, 'mawb_no': 'IPC250923418EX', 'processing_status': 'PENDING'}]]
(Background on this error at: https://sqlalche.me/e/20/9h9h)

The above exception was the direct cause of the following exception:

Traceback (most recent call last):
  File "/mnt/gdrive/SeaExpress_Automation_Project/SeaExpress_Core/src/process_excel_order.py", line 235, in process_excel_file
    db_df.to_sql('table_a_raw', con=engine, if_exists='append', index=False)
  File "/usr/local/lib64/python3.12/site-packages/pandas/core/generic.py", line 3052, in to_sql
    return sql.to_sql(
           ^^^^^^^^^^^
  File "/usr/local/lib64/python3.12/site-packages/pandas/io/sql.py", line 841, in to_sql
    return pandas_sql.to_sql(
           ^^^^^^^^^^^^^^^^^^
  File "/usr/local/lib64/python3.12/site-packages/pandas/io/sql.py", line 2037, in to_sql
    total_inserted = sql_engine.insert_records(
                     ^^^^^^^^^^^^^^^^^^^^^^^^^^
  File "/usr/local/lib64/python3.12/site-packages/pandas/io/sql.py", line 1571, in insert_records
    return table.insert(chunksize=chunksize, method=method)
           ^^^^^^^^^^^^^^^^^^^^^^^^^^^^^^^^^^^^^^^^^^^^^^^^
  File "/usr/local/lib64/python3.12/site-packages/pandas/io/sql.py", line 1122, in insert
    num_inserted = exec_insert(conn, keys, chunk_iter)
                   ^^^^^^^^^^^^^^^^^^^^^^^^^^^^^^^^^^^
  File "/usr/local/lib64/python3.12/site-packages/pandas/io/sql.py", line 1014, in _execute_insert
    result = self.pd_sql.execute(self.table.insert(), data)
             ^^^^^^^^^^^^^^^^^^^^^^^^^^^^^^^^^^^^^^^^^^^^^^
  File "/usr/local/lib64/python3.12/site-packages/pandas/io/sql.py", line 1681, in execute
    raise DatabaseError(f"Execution failed on sql '{sql}': {exc}") from exc
pandas.errors.DatabaseError: Execution failed on sql 'INSERT INTO table_a_raw (hawb_no, item_no, description_original, qty, qty_unit, unit_price, total_amount, currency, consignee_name, consignee_id, consignee_phone, mawb_no, processing_status) VALUES (:hawb_no, :item_no, :description_original, :qty, :qty_unit, :unit_price, :total_amount, :currency, :consignee_name, :consignee_id, :consignee_phone, :mawb_no, :processing_status)': (pymysql.err.DataError) (1406, "Data too long for column 'description_original' at row 904")
[SQL: INSERT INTO table_a_raw (hawb_no, item_no, description_original, qty, qty_unit, unit_price, total_amount, currency, consignee_name, consignee_id, consignee_phone, mawb_no, processing_status) VALUES (%(hawb_no)s, %(item_no)s, %(description_original)s, %(qty)s, %(qty_unit)s, %(unit_price)s, %(total_amount)s, %(currency)s, %(consignee_name)s, %(consignee_id)s, %(consignee_phone)s, %(mawb_no)s, %(processing_status)s)]
[parameters: [{'hawb_no': 'LY175851307353', 'item_no': 1, 'description_original': '過濾網，褲子，衣服，汽車墊，手套，汽球，清潔劑', 'qty': 20, 'qty_unit': 'PCE', 'unit_price': 400, 'total_amount': 8000, 'currency': 'TWD', 'consignee_name': None, 'consignee_id': None, 'consignee_phone': None, 'mawb_no': 'IPC250923418EX', 'processing_status': 'PENDING'}, {'hawb_no': 'LY175852077135', 'item_no': 1, 'description_original': '波西塔塔 少量韓國ins小眾可愛小貓小狗插畫陶瓷橢圓盤brunch盤,眼鏡盒', 'qty': 1, 'qty_unit': 'PCE', 'unit_price': 800, 'total_amount': 800, 'currency': 'TWD', 'consignee_name': None, 'consignee_id': None, 'consignee_phone': None, 'mawb_no': 'IPC250923418EX', 'processing_status': 'PENDING'}, {'hawb_no': 'LY175852208726', 'item_no': 1, 'description_original': '收纳盒', 'qty': 1, 'qty_unit': 'PCE', 'unit_price': 10, 'total_amount': 10, 'currency': 'TWD', 'consignee_name': None, 'consignee_id': None, 'consignee_phone': None, 'mawb_no': 'IPC250923418EX', 'processing_status': 'PENDING'}, {'hawb_no': 'LY175852209835', 'item_no': 1, 'description_original': '貓籠子', 'qty': 1, 'qty_unit': 'PCE', 'unit_price': 4940, 'total_amount': 4940, 'currency': 'TWD', 'consignee_name': None, 'consignee_id': None, 'consignee_phone': None, 'mawb_no': 'IPC250923418EX', 'processing_status': 'PENDING'}, {'hawb_no': 'LY175852531091', 'item_no': 1, 'description_original': '客人綠色拖鞋', 'qty': 1, 'qty_unit': 'PCE', 'unit_price': 5, 'total_amount': 5, 'currency': 'TWD', 'consignee_name': None, 'consignee_id': None, 'consignee_phone': None, 'mawb_no': 'IPC250923418EX', 'processing_status': 'PENDING'}, {'hawb_no': 'LY175852531091', 'item_no': 2, 'description_original': '卡通文具組裝包', 'qty': 1, 'qty_unit': 'PCE', 'unit_price': 5, 'total_amount': 5, 'currency': 'TWD', 'consignee_name': None, 'consignee_id': None, 'consignee_phone': None, 'mawb_no': 'IPC250923418EX', 'processing_status': 'PENDING'}, {'hawb_no': 'LY175852531091', 'item_no': 3, 'description_original': '客人4色包包', 'qty': 1, 'qty_unit': 'PCE', 'unit_price': 5, 'total_amount': 5, 'currency': 'TWD', 'consignee_name': None, 'consignee_id': None, 'consignee_phone': None, 'mawb_no': 'IPC250923418EX', 'processing_status': 'PENDING'}, {'hawb_no': 'LY175852531091', 'item_no': 4, 'description_original': '布丁杯', 'qty': 1, 'qty_unit': 'PCE', 'unit_price': 5, 'total_amount': 5, 'currency': 'TWD', 'consignee_name': None, 'consignee_id': None, 'consignee_phone': None, 'mawb_no': 'IPC250923418EX', 'processing_status': 'PENDING'}  ... displaying 10 of 1006 total bound parameter sets ...  {'hawb_no': 'LY175859208697', 'item_no': 12, 'description_original': '鐵盤', 'qty': 1, 'qty_unit': 'PCE', 'unit_price': 50, 'total_amount': 50, 'currency': 'TWD', 'consignee_name': None, 'consignee_id': None, 'consignee_phone': None, 'mawb_no': 'IPC250923418EX', 'processing_status': 'PENDING'}, {'hawb_no': 'LY175859208697', 'item_no': 13, 'description_original': '貼紙書', 'qty': 1, 'qty_unit': 'PCE', 'unit_price': 5, 'total_amount': 5, 'currency': 'TWD', 'consignee_name': None, 'consignee_id': None, 'consignee_phone': None, 'mawb_no': 'IPC250923418EX', 'processing_status': 'PENDING'}]]
(Background on this error at: https://sqlalche.me/e/20/9h9h)
2026-02-16 22:41:17,972 - INFO - A1 欄位內容 '主提單號碼:' 不符合純英數格式 (可能是中文標題)，將忽略 A1。
2026-02-16 22:41:17,972 - INFO - 使用檔名作為主提單號 (MAWB): IPC251002412EX
2026-02-16 22:41:17,973 - INFO - 開始處理檔案: IPC251002412EX.xlsx, MAWB: IPC251002412EX
2026-02-16 22:41:35,149 - INFO - 舊格式匹配失敗 (非舊格式特徵)，嘗試新格式...
2026-02-16 22:41:52,892 - INFO - 偵測為 [New Format]，解析出 1457 筆資料。
2026-02-16 22:41:52,989 - INFO - 成功寫入資料庫！
2026-02-16 22:41:56,375 - INFO - 檔案已移至 processed 資料夾
2026-02-16 22:42:05,288 - INFO - A1 欄位內容 '主提單號碼:' 不符合純英數格式 (可能是中文標題)，將忽略 A1。
2026-02-16 22:42:05,289 - INFO - 使用檔名作為主提單號 (MAWB): IPC251002456EX
2026-02-16 22:42:05,289 - INFO - 開始處理檔案: IPC251002456EX.xlsx, MAWB: IPC251002456EX
2026-02-16 22:42:20,219 - INFO - 舊格式匹配失敗 (非舊格式特徵)，嘗試新格式...
2026-02-16 22:42:35,887 - INFO - 偵測為 [New Format]，解析出 1706 筆資料。
2026-02-16 22:42:36,050 - INFO - 成功寫入資料庫！
2026-02-16 22:42:39,435 - INFO - 檔案已移至 processed 資料夾
2026-02-16 22:42:46,561 - INFO - A1 欄位內容 '主提單號碼:' 不符合純英數格式 (可能是中文標題)，將忽略 A1。
2026-02-16 22:42:46,562 - INFO - 使用檔名作為主提單號 (MAWB): IPC251002457EX
2026-02-16 22:42:46,562 - INFO - 開始處理檔案: IPC251002457EX.xlsx, MAWB: IPC251002457EX
2026-02-16 22:42:55,824 - INFO - 舊格式匹配失敗 (非舊格式特徵)，嘗試新格式...
2026-02-16 22:43:06,898 - INFO - 偵測為 [New Format]，解析出 150 筆資料。
2026-02-16 22:43:06,929 - INFO - 成功寫入資料庫！
2026-02-16 22:43:09,883 - INFO - 檔案已移至 processed 資料夾
2026-02-16 22:43:19,116 - INFO - A1 欄位內容 '主提單號碼:' 不符合純英數格式 (可能是中文標題)，將忽略 A1。
2026-02-16 22:43:19,116 - INFO - 使用檔名作為主提單號 (MAWB): IPC251004405EX
2026-02-16 22:43:19,117 - INFO - 開始處理檔案: IPC251004405EX.xlsx, MAWB: IPC251004405EX
2026-02-16 22:43:34,458 - INFO - 舊格式匹配失敗 (非舊格式特徵)，嘗試新格式...
2026-02-16 22:43:51,201 - INFO - 偵測為 [New Format]，解析出 8834 筆資料。
2026-02-16 22:43:51,538 - INFO - 成功寫入資料庫！
2026-02-16 22:43:55,459 - INFO - 檔案已移至 processed 資料夾
2026-02-16 22:44:06,203 - INFO - A1 欄位內容 '主提單號碼:' 不符合純英數格式 (可能是中文標題)，將忽略 A1。
2026-02-16 22:44:06,204 - INFO - 使用檔名作為主提單號 (MAWB): IPC251004406EX
2026-02-16 22:44:06,204 - INFO - 開始處理檔案: IPC251004406EX.xlsx, MAWB: IPC251004406EX
2026-02-16 22:44:16,746 - INFO - 舊格式匹配失敗 (非舊格式特徵)，嘗試新格式...
2026-02-16 22:44:27,976 - INFO - 偵測為 [New Format]，解析出 1232 筆資料。
2026-02-16 22:44:28,060 - INFO - 成功寫入資料庫！
2026-02-16 22:44:31,563 - INFO - 檔案已移至 processed 資料夾
2026-02-16 22:44:47,205 - INFO - A1 欄位內容 '主提單號碼:' 不符合純英數格式 (可能是中文標題)，將忽略 A1。
2026-02-16 22:44:47,205 - INFO - 使用檔名作為主提單號 (MAWB): IPC251004422EX
2026-02-16 22:44:47,206 - INFO - 開始處理檔案: IPC251004422EX.xlsx, MAWB: IPC251004422EX
2026-02-16 22:45:10,035 - INFO - 舊格式匹配失敗 (非舊格式特徵)，嘗試新格式...
2026-02-16 22:45:49,790 - INFO - 偵測為 [New Format]，解析出 9891 筆資料。
2026-02-16 22:45:50,178 - INFO - 成功寫入資料庫！
2026-02-16 22:45:54,250 - INFO - 檔案已移至 processed 資料夾
2026-02-16 22:46:03,365 - INFO - A1 欄位內容 '主提單號碼:' 不符合純英數格式 (可能是中文標題)，將忽略 A1。
2026-02-16 22:46:03,366 - INFO - 使用檔名作為主提單號 (MAWB): IPC251105406EX
2026-02-16 22:46:03,366 - INFO - 開始處理檔案: IPC251105406EX.xlsx, MAWB: IPC251105406EX
2026-02-16 22:46:19,196 - INFO - 舊格式匹配失敗 (非舊格式特徵)，嘗試新格式...
2026-02-16 22:46:34,421 - INFO - 偵測為 [New Format]，解析出 6843 筆資料。
2026-02-16 22:46:34,699 - INFO - 成功寫入資料庫！
2026-02-16 22:46:38,377 - INFO - 檔案已移至 processed 資料夾
2026-02-16 22:46:52,051 - INFO - A1 欄位內容 '主提單號碼:' 不符合純英數格式 (可能是中文標題)，將忽略 A1。
2026-02-16 22:46:52,052 - INFO - 使用檔名作為主提單號 (MAWB): IPC251108409EX
2026-02-16 22:46:52,053 - INFO - 開始處理檔案: IPC251108409EX.xlsx, MAWB: IPC251108409EX
2026-02-16 22:47:07,709 - INFO - 舊格式匹配失敗 (非舊格式特徵)，嘗試新格式...
2026-02-16 22:47:22,803 - INFO - 偵測為 [New Format]，解析出 7632 筆資料。
2026-02-16 22:47:23,177 - INFO - 成功寫入資料庫！
2026-02-16 22:47:27,306 - INFO - 檔案已移至 processed 資料夾
2026-02-16 22:47:39,651 - INFO - A1 欄位內容 '主提單號碼:' 不符合純英數格式 (可能是中文標題)，將忽略 A1。
2026-02-16 22:47:39,651 - INFO - 使用檔名作為主提單號 (MAWB): IPC251113420EX
2026-02-16 22:47:39,651 - INFO - 開始處理檔案: IPC251113420EX.xlsx, MAWB: IPC251113420EX
2026-02-16 22:47:57,543 - INFO - 舊格式匹配失敗 (非舊格式特徵)，嘗試新格式...
2026-02-16 22:48:16,883 - INFO - 偵測為 [New Format]，解析出 7239 筆資料。
2026-02-16 22:48:17,278 - INFO - 成功寫入資料庫！
2026-02-16 22:48:29,507 - INFO - 檔案已移至 processed 資料夾
